{"v":"5.7.4","fr":30.0075988769531,"ip":0,"op":77.998957358116,"w":375,"h":812,"nm":"Comp 5 Comp 1","ddd":0,"assets":[{"id":"comp_0","layers":[{"ddd":0,"ind":1,"ty":4,"nm":"Shape Layer 3","sr":1,"ks":{"o":{"a":0,"k":100,"ix":11},"r":{"a":0,"k":0,"ix":10},"p":{"a":0,"k":[187.5,407.75,0],"ix":2,"l":2},"a":{"a":0,"k":[0,0,0],"ix":1,"l":2},"s":{"a":0,"k":[100,100,100],"ix":6,"l":2}},"ao":0,"shapes":[{"ty":"gr","it":[{"ind":0,"ty":"sh","ix":1,"ks":{"a":0,"k":{"i":[[0,0],[0,0]],"o":[[0,0],[0,0]],"v":[[-93,144.5],[94.5,144.25]],"c":false},"ix":2},"nm":"Path 1","mn":"ADBE Vector Shape - Group","hd":false},{"ty":"st","c":{"a":0,"k":[0.235294117647,0.235294117647,0.235294117647,1],"ix":3},"o":{"a":0,"k":100,"ix":4},"w":{"a":0,"k":5,"ix":5},"lc":2,"lj":1,"ml":4,"bm":0,"nm":"Stroke 1","mn":"ADBE Vector Graphic - Stroke","hd":false},{"ty":"tr","p":{"a":0,"k":[0,0],"ix":2},"a":{"a":0,"k":[0,0],"ix":1},"s":{"a":0,"k":[100,100],"ix":3},"r":{"a":0,"k":0,"ix":6},"o":{"a":0,"k":100,"ix":7},"sk":{"a":0,"k":0,"ix":4},"sa":{"a":0,"k":0,"ix":5},"nm":"Transform"}],"nm":"Shape 1","np":3,"cix":2,"bm":0,"ix":1,"mn":"ADBE Vector Group","hd":false}],"ip":0,"op":46.9993717414289,"st":0,"bm":0},{"ddd":0,"ind":2,"ty":0,"nm":"Pre-comp 8","refId":"comp_1","sr":1,"ks":{"o":{"a":0,"k":100,"ix":11},"r":{"a":0,"k":0,"ix":10},"p":{"a":0,"k":[132.301,500.779,0],"ix":2,"l":2},"a":{"a":0,"k":[117.5,502,0],"ix":1,"l":2},"s":{"a":0,"k":[100,100,100],"ix":6,"l":2}},"ao":0,"w":375,"h":812,"ip":0,"op":46.9993717414289,"st":-24.999665819909,"bm":0},{"ddd":0,"ind":3,"ty":4,"nm":"a Outlines","sr":1,"ks":{"o":{"a":0,"k":100,"ix":11},"r":{"a":0,"k":0,"ix":10},"p":{"a":1,"k":[{"i":{"x":0.833,"y":0.833},"o":{"x":0.167,"y":0.167},"t":0,"s":[144.746,468.404,0],"to":[0,-1,0],"ti":[0,0,0]},{"i":{"x":0.833,"y":0.833},"o":{"x":0.167,"y":0.167},"t":8,"s":[144.746,462.404,0],"to":[0,0,0],"ti":[0,0,0]},{"i":{"x":0.833,"y":0.833},"o":{"x":0.167,"y":0.167},"t":15,"s":[144.746,468.404,0],"to":[0,0,0],"ti":[0,0,0]},{"i":{"x":0.833,"y":0.833},"o":{"x":0.167,"y":0.167},"t":25,"s":[144.746,462.404,0],"to":[0,0,0],"ti":[0,0,0]},{"i":{"x":0.833,"y":0.833},"o":{"x":0.167,"y":0.167},"t":32,"s":[144.746,468.404,0],"to":[0,0,0],"ti":[0,0,0]},{"i":{"x":0.833,"y":0.833},"o":{"x":0.167,"y":0.167},"t":39.999,"s":[144.746,462.404,0],"to":[0,0,0],"ti":[0,-1,0]},{"t":46.9993717414289,"s":[144.746,468.404,0]}],"ix":2,"l":2},"a":{"a":0,"k":[124.751,150.644,0],"ix":1,"l":2},"s":{"a":0,"k":[15,15,100],"ix":6,"l":2}},"ao":0,"shapes":[{"ty":"gr","it":[{"ind":0,"ty":"sh","ix":1,"ks":{"a":0,"k":{"i":[[-0.351,-0.195],[0.599,-0.435],[-0.006,0.779]],"o":[[-0.085,0.749],[0.006,-0.778],[0.351,0.196]],"v":[[0.535,-0.581],[-0.535,1.169],[-0.517,-1.169]],"c":true},"ix":2},"nm":"Path 1","mn":"ADBE Vector Shape - Group","hd":false},{"ty":"fl","c":{"a":0,"k":[0.851000019148,0.889999988032,0.783999992819,1],"ix":4},"o":{"a":0,"k":100,"ix":5},"r":1,"bm":0,"nm":"Fill 1","mn":"ADBE Vector Graphic - Fill","hd":false},{"ty":"tr","p":{"a":0,"k":[126.236,57.769],"ix":2},"a":{"a":0,"k":[0,0],"ix":1},"s":{"a":0,"k":[100,100],"ix":3},"r":{"a":0,"k":0,"ix":6},"o":{"a":0,"k":100,"ix":7},"sk":{"a":0,"k":0,"ix":4},"sa":{"a":0,"k":0,"ix":5},"nm":"Transform"}],"nm":"Group 1","np":2,"cix":2,"bm":0,"ix":1,"mn":"ADBE Vector Group","hd":false},{"ty":"gr","it":[{"ind":0,"ty":"sh","ix":1,"ks":{"a":0,"k":{"i":[[-0.368,2.327],[-1.489,4.671],[-0.801,0.312],[-21.955,5.214],[-2.705,0.261],[-0.723,-4.626],[4.82,-1.09],[4.62,-1.942],[3.814,-18.326],[-0.002,-0.388],[6.472,0.104]],"o":[[1.068,-4.796],[0.357,-0.582],[10.115,-20.052],[2.645,-0.628],[4.727,-0.454],[0.789,5.054],[-4.836,1.094],[-17.307,7.276],[-0.078,0.373],[-6.436,1.013],[0.368,-2.327]],"v":[[-35.363,24.278],[-31.156,10.189],[-30.086,8.441],[17.768,-29.8],[25.824,-31.154],[35.678,-23.433],[28.885,-12.691],[14.468,-9.093],[-17.078,29.429],[-17.082,30.596],[-36.467,31.26]],"c":true},"ix":2},"nm":"Path 1","mn":"ADBE Vector Shape - Group","hd":false},{"ty":"fl","c":{"a":0,"k":[0.552999997606,0.426999978458,0.325,1],"ix":4},"o":{"a":0,"k":100,"ix":5},"r":1,"bm":0,"nm":"Fill 1","mn":"ADBE Vector Graphic - Fill","hd":false},{"ty":"tr","p":{"a":0,"k":[156.856,48.747],"ix":2},"a":{"a":0,"k":[0,0],"ix":1},"s":{"a":0,"k":[100,100],"ix":3},"r":{"a":0,"k":0,"ix":6},"o":{"a":0,"k":100,"ix":7},"sk":{"a":0,"k":0,"ix":4},"sa":{"a":0,"k":0,"ix":5},"nm":"Transform"}],"nm":"Group 2","np":2,"cix":2,"bm":0,"ix":2,"mn":"ADBE Vector Group","hd":false},{"ty":"gr","it":[{"ind":0,"ty":"sh","ix":1,"ks":{"a":0,"k":{"i":[[0.663,-0.323],[10.914,6.15],[3.456,19.573],[-0.54,5.688],[-1.802,0.067],[-14.365,-16.875],[-1.733,-12.321],[0.076,-0.848],[0.937,-4.264]],"o":[[-12.361,-0.009],[-17.451,-9.833],[-0.984,-5.571],[0.159,-1.687],[21.644,-0.8],[8.133,9.554],[0.346,0.735],[-0.908,4.267],[-0.146,0.665]],"v":[[31.32,36.388],[-3.844,28.159],[-34.818,-16.28],[-35.703,-33.168],[-33.331,-35.588],[21.413,-13.191],[35.546,19.962],[36.168,22.278],[32.501,34.812]],"c":true},"ix":2},"nm":"Path 1","mn":"ADBE Vector Shape - Group","hd":false},{"ty":"fl","c":{"a":0,"k":[0.497999991623,0.694000004787,0.255000005984,1],"ix":4},"o":{"a":0,"k":100,"ix":5},"r":1,"bm":0,"nm":"Fill 1","mn":"ADBE Vector Graphic - Fill","hd":false},{"ty":"tr","p":{"a":0,"k":[90.173,36.638],"ix":2},"a":{"a":0,"k":[0,0],"ix":1},"s":{"a":0,"k":[100,100],"ix":3},"r":{"a":0,"k":0,"ix":6},"o":{"a":0,"k":100,"ix":7},"sk":{"a":0,"k":0,"ix":4},"sa":{"a":0,"k":0,"ix":5},"nm":"Transform"}],"nm":"Group 3","np":2,"cix":2,"bm":0,"ix":3,"mn":"ADBE Vector Group","hd":false},{"ty":"gr","it":[{"ind":0,"ty":"sh","ix":1,"ks":{"a":0,"k":{"i":[[-0.491,-0.451],[0.288,-1.882],[3.658,-12.397],[6.206,-12.883],[9.036,-12.496],[9.622,-9.486],[18.74,-10.411],[9.098,-3.53],[0.326,-0.677],[9.526,14.158],[3.418,26.567],[-9.441,22.561],[-15.594,7.687],[-12.105,-2.893],[-8.809,-1.212],[-5.492,0.197],[-0.375,0.037],[-5.778,0.418],[-0.326,-0.211],[-10.175,2.57],[-14.256,-12.016]],"o":[[-1.932,1.463],[-1.958,12.777],[-4.061,13.758],[-6.678,13.863],[-7.937,10.974],[-15.22,15.002],[-8.526,4.737],[-0.633,0.246],[-14.786,-8.825],[-15.028,-22.337],[-3.081,-23.946],[6.541,-15.631],[11.175,-5.509],[8.618,2.06],[5.402,0.743],[0.299,-0.251],[5.771,-0.557],[0.358,-0.026],[10.527,-0.929],[18.084,-4.567],[0.511,0.431]],"v":[[110.14,-94.33],[108.515,-88.694],[99.985,-50.982],[84.527,-11.01],[60.889,28.533],[34.637,59.348],[-16.115,97.785],[-42.451,110.38],[-44.053,111.576],[-79.919,76.436],[-107.059,2.754],[-99.086,-67.353],[-67.189,-103.686],[-32.145,-107.328],[-6.295,-101.153],[9.999,-99.686],[10.994,-100.259],[28.347,-100.84],[29.384,-100.351],[60.123,-107.008],[108.663,-95.683]],"c":true},"ix":2},"nm":"Path 1","mn":"ADBE Vector Shape - Group","hd":false},{"ty":"fl","c":{"a":0,"k":[0.877999997606,0.294000004787,0.294000004787,1],"ix":4},"o":{"a":0,"k":100,"ix":5},"r":1,"bm":0,"nm":"Fill 1","mn":"ADBE Vector Graphic - Fill","hd":false},{"ty":"tr","p":{"a":0,"k":[110.39,179.694],"ix":2},"a":{"a":0,"k":[0,0],"ix":1},"s":{"a":0,"k":[100,100],"ix":3},"r":{"a":0,"k":0,"ix":6},"o":{"a":0,"k":100,"ix":7},"sk":{"a":0,"k":0,"ix":4},"sa":{"a":0,"k":0,"ix":5},"nm":"Transform"}],"nm":"Group 4","np":2,"cix":2,"bm":0,"ix":4,"mn":"ADBE Vector Group","hd":false},{"ty":"gr","it":[{"ind":0,"ty":"sh","ix":1,"ks":{"a":0,"k":{"i":[[0,0],[2.492,0.621],[5.903,3.676],[-0.895,0.36],[-11.848,7.632],[-10.048,9.182],[-8.43,10.767],[-6.989,13.026],[-5.448,19.63],[-1.679,11.114],[-1.884,0.016],[-4.248,-10.459],[1.589,-20.988],[9.725,-19.951],[19.985,-12.973],[10.822,-0.997],[0.324,-0.167],[0,0],[12.698,-2.611]],"o":[[-2.499,-0.593],[-6.74,-1.68],[-0.24,-1.537],[13.088,-5.27],[11.43,-7.363],[10.123,-9.251],[9.108,-11.635],[9.65,-17.985],[3.006,-10.828],[0.174,-1.158],[8.602,7.579],[7.958,19.595],[-1.678,22.181],[-10.285,21.104],[-8.988,5.836],[-0.336,0.03],[0,0],[-12.698,-2.843],[0,0]],"v":[[-64.853,107.837],[-72.349,106.055],[-91.337,98.069],[-89.366,96.009],[-52.009,76.548],[-19.888,51.624],[7.799,21.477],[31.808,-15.615],[54.169,-72.156],[60.953,-105.133],[62.855,-107.838],[81.523,-80.265],[89.988,-19.232],[72.922,43.984],[28.902,96.374],[-0.585,107.353],[-1.557,107.837],[-13.865,107.837],[-51.96,107.837]],"c":true},"ix":2},"nm":"Path 1","mn":"ADBE Vector Shape - Group","hd":false},{"ty":"fl","c":{"a":0,"k":[0.811999990426,0.246999987434,0.246999987434,1],"ix":4},"o":{"a":0,"k":100,"ix":5},"r":1,"bm":0,"nm":"Fill 1","mn":"ADBE Vector Graphic - Fill","hd":false},{"ty":"tr","p":{"a":0,"k":[157.674,193.201],"ix":2},"a":{"a":0,"k":[0,0],"ix":1},"s":{"a":0,"k":[100,100],"ix":3},"r":{"a":0,"k":0,"ix":6},"o":{"a":0,"k":100,"ix":7},"sk":{"a":0,"k":0,"ix":4},"sa":{"a":0,"k":0,"ix":5},"nm":"Transform"}],"nm":"Group 5","np":2,"cix":2,"bm":0,"ix":5,"mn":"ADBE Vector Group","hd":false}],"ip":0,"op":46.9993717414289,"st":0,"bm":0},{"ddd":0,"ind":4,"ty":4,"nm":"c Outlines","sr":1,"ks":{"o":{"a":0,"k":100,"ix":11},"r":{"a":0,"k":0,"ix":10},"p":{"a":1,"k":[{"i":{"x":0.833,"y":0.833},"o":{"x":0.167,"y":0.167},"t":0,"s":[176.746,453.404,0],"to":[0,-1.917,0],"ti":[0,-1.167,0]},{"i":{"x":0.833,"y":0.833},"o":{"x":0.167,"y":0.167},"t":8,"s":[176.746,441.904,0],"to":[0,1.167,0],"ti":[0,0,0]},{"i":{"x":0.833,"y":0.833},"o":{"x":0.167,"y":0.167},"t":15,"s":[176.746,460.404,0],"to":[0,0,0],"ti":[0,0,0]},{"i":{"x":0.833,"y":0.833},"o":{"x":0.167,"y":0.167},"t":26,"s":[176.746,441.904,0],"to":[0,0,0],"ti":[0,0,0]},{"i":{"x":0.833,"y":0.833},"o":{"x":0.167,"y":0.167},"t":33,"s":[176.746,460.404,0],"to":[0,0,0],"ti":[0,0,0]},{"i":{"x":0.833,"y":0.833},"o":{"x":0.167,"y":0.167},"t":39.999,"s":[176.746,441.904,0],"to":[0,0,0],"ti":[0,-3.083,0]},{"t":46.9993717414289,"s":[176.746,460.404,0]}],"ix":2,"l":2},"a":{"a":0,"k":[149.103,181.616,0],"ix":1,"l":2},"s":{"a":0,"k":[18.215,18.215,100],"ix":6,"l":2}},"ao":0,"shapes":[{"ty":"gr","it":[{"ind":0,"ty":"sh","ix":1,"ks":{"a":0,"k":{"i":[[-0.02,-2.796],[-3.907,0.054],[0.092,2.582],[3.743,-0.079]],"o":[[0.021,3.195],[2.885,-0.039],[-0.114,-3.219],[-2.752,0.057]],"v":[[-6.702,-0.069],[0.78,5.914],[6.63,0.426],[-1.126,-5.889]],"c":true},"ix":2},"nm":"Path 1","mn":"ADBE Vector Shape - Group","hd":false},{"ty":"fl","c":{"a":0,"k":[0.510000011968,0.717999985639,0.195999998205,1],"ix":4},"o":{"a":0,"k":100,"ix":5},"r":1,"bm":0,"nm":"Fill 1","mn":"ADBE Vector Graphic - Fill","hd":false},{"ty":"tr","p":{"a":0,"k":[35.867,73.639],"ix":2},"a":{"a":0,"k":[0,0],"ix":1},"s":{"a":0,"k":[100,100],"ix":3},"r":{"a":0,"k":0,"ix":6},"o":{"a":0,"k":100,"ix":7},"sk":{"a":0,"k":0,"ix":4},"sa":{"a":0,"k":0,"ix":5},"nm":"Transform"}],"nm":"Group 1","np":2,"cix":2,"bm":0,"ix":1,"mn":"ADBE Vector Group","hd":false},{"ty":"gr","it":[{"ind":0,"ty":"sh","ix":1,"ks":{"a":0,"k":{"i":[[-0.986,-4.906],[-1.178,-0.945],[-2.457,2.575],[1.846,2.097],[2.37,-1.357]],"o":[[1.179,0.945],[4.204,0.557],[2.087,-2.187],[-1.865,-2.118],[-3.756,2.153]],"v":[[-6.94,3.906],[-3.406,6.742],[5.839,1.906],[5.407,-5.091],[-1.333,-5.943]],"c":true},"ix":2},"nm":"Path 1","mn":"ADBE Vector Shape - Group","hd":false},{"ty":"fl","c":{"a":0,"k":[0.972999961703,0.532999973671,0.141000007181,1],"ix":4},"o":{"a":0,"k":100,"ix":5},"r":1,"bm":0,"nm":"Fill 1","mn":"ADBE Vector Graphic - Fill","hd":false},{"ty":"tr","p":{"a":0,"k":[184.817,252.003],"ix":2},"a":{"a":0,"k":[0,0],"ix":1},"s":{"a":0,"k":[100,100],"ix":3},"r":{"a":0,"k":0,"ix":6},"o":{"a":0,"k":100,"ix":7},"sk":{"a":0,"k":0,"ix":4},"sa":{"a":0,"k":0,"ix":5},"nm":"Transform"}],"nm":"Group 2","np":2,"cix":2,"bm":0,"ix":2,"mn":"ADBE Vector Group","hd":false},{"ty":"gr","it":[{"ind":0,"ty":"sh","ix":1,"ks":{"a":0,"k":{"i":[[-2.961,0.141],[0.152,3.436],[2.864,-0.081],[-0.245,-3.182]],"o":[[3.917,-0.186],[-0.132,-3.036],[-3.608,0.101],[0.222,2.888]],"v":[[-1.283,6.692],[7.116,-1.387],[1.674,-6.752],[-7.023,1.74]],"c":true},"ix":2},"nm":"Path 1","mn":"ADBE Vector Shape - Group","hd":false},{"ty":"fl","c":{"a":0,"k":[0.972999961703,0.532999973671,0.141000007181,1],"ix":4},"o":{"a":0,"k":100,"ix":5},"r":1,"bm":0,"nm":"Fill 1","mn":"ADBE Vector Graphic - Fill","hd":false},{"ty":"tr","p":{"a":0,"k":[128.259,184.78],"ix":2},"a":{"a":0,"k":[0,0],"ix":1},"s":{"a":0,"k":[100,100],"ix":3},"r":{"a":0,"k":0,"ix":6},"o":{"a":0,"k":100,"ix":7},"sk":{"a":0,"k":0,"ix":4},"sa":{"a":0,"k":0,"ix":5},"nm":"Transform"}],"nm":"Group 3","np":2,"cix":2,"bm":0,"ix":3,"mn":"ADBE Vector Group","hd":false},{"ty":"gr","it":[{"ind":0,"ty":"sh","ix":1,"ks":{"a":0,"k":{"i":[[-2.431,-4.169],[-3.147,2.91],[-4.645,4.677],[2.294,2.712],[2.917,-2.347],[5.395,-4.332]],"o":[[4.287,2.558],[4.824,-4.46],[3.186,-3.209],[-1.912,-2.261],[-5.391,4.336],[-3.433,2.757]],"v":[[-13.285,11.492],[-2.703,9.111],[12.236,-3.75],[13.422,-11.674],[5.284,-11.703],[-10.748,1.481]],"c":true},"ix":2},"nm":"Path 1","mn":"ADBE Vector Shape - Group","hd":false},{"ty":"fl","c":{"a":0,"k":[0.984000052658,0.702000038297,0.301999978458,1],"ix":4},"o":{"a":0,"k":100,"ix":5},"r":1,"bm":0,"nm":"Fill 1","mn":"ADBE Vector Graphic - Fill","hd":false},{"ty":"tr","p":{"a":0,"k":[238.617,281.944],"ix":2},"a":{"a":0,"k":[0,0],"ix":1},"s":{"a":0,"k":[100,100],"ix":3},"r":{"a":0,"k":0,"ix":6},"o":{"a":0,"k":100,"ix":7},"sk":{"a":0,"k":0,"ix":4},"sa":{"a":0,"k":0,"ix":5},"nm":"Transform"}],"nm":"Group 4","np":2,"cix":2,"bm":0,"ix":4,"mn":"ADBE Vector Group","hd":false},{"ty":"gr","it":[{"ind":0,"ty":"sh","ix":1,"ks":{"a":0,"k":{"i":[[0.594,1.607],[1.685,0.986],[1.655,-1.307],[3.587,-3.021],[6.993,-5.907],[-1.896,-2.507],[-2.704,2.168],[-5.653,4.762],[-4.876,4.229]],"o":[[0.463,-2.68],[-1.638,-0.959],[-3.681,2.908],[-7.002,5.898],[-2.554,2.157],[2.113,2.793],[5.765,-4.623],[4.936,-4.158],[1.162,-1.008]],"v":[[21.239,-13.272],[18.38,-18.346],[13.065,-18.038],[2.118,-9.196],[-18.795,8.606],[-19.937,15.96],[-12.33,17.177],[4.734,3.017],[19.44,-9.576]],"c":true},"ix":2},"nm":"Path 1","mn":"ADBE Vector Shape - Group","hd":false},{"ty":"fl","c":{"a":0,"k":[0.980000035903,0.596000043084,0.152999997606,1],"ix":4},"o":{"a":0,"k":100,"ix":5},"r":1,"bm":0,"nm":"Fill 1","mn":"ADBE Vector Graphic - Fill","hd":false},{"ty":"tr","p":{"a":0,"k":[161.514,186.247],"ix":2},"a":{"a":0,"k":[0,0],"ix":1},"s":{"a":0,"k":[100,100],"ix":3},"r":{"a":0,"k":0,"ix":6},"o":{"a":0,"k":100,"ix":7},"sk":{"a":0,"k":0,"ix":4},"sa":{"a":0,"k":0,"ix":5},"nm":"Transform"}],"nm":"Group 5","np":2,"cix":2,"bm":0,"ix":5,"mn":"ADBE Vector Group","hd":false},{"ty":"gr","it":[{"ind":0,"ty":"sh","ix":1,"ks":{"a":0,"k":{"i":[[-0.605,-1.002],[-6.19,-7.212],[-1.571,0.841],[-1.359,1.34],[-0.366,2.192],[4.605,4.99],[1.406,2.009],[-3.239,3.804],[2.225,2.116],[3.021,-2.918],[-5,-7.609]],"o":[[6.142,7.254],[0.538,0.627],[-0.228,-2.049],[1.466,-1.446],[-4.951,-4.687],[-1.665,-1.804],[-2.893,-4.132],[2.438,-2.864],[-2.632,-2.505],[-6.582,6.359],[0.642,0.978]],"v":[[-9.714,2.975],[8.742,24.71],[10.943,26.146],[13.149,21.327],[16.534,16.278],[3.198,0.9],[-1.462,-4.813],[-0.867,-16.277],[-0.515,-24.482],[-8.844,-23.873],[-11.534,-0.028]],"c":true},"ix":2},"nm":"Path 1","mn":"ADBE Vector Shape - Group","hd":false},{"ty":"fl","c":{"a":0,"k":[0.596000043084,0.830999995213,0.231000010173,1],"ix":4},"o":{"a":0,"k":100,"ix":5},"r":1,"bm":0,"nm":"Fill 1","mn":"ADBE Vector Graphic - Fill","hd":false},{"ty":"tr","p":{"a":0,"k":[108.941,87.379],"ix":2},"a":{"a":0,"k":[0,0],"ix":1},"s":{"a":0,"k":[100,100],"ix":3},"r":{"a":0,"k":0,"ix":6},"o":{"a":0,"k":100,"ix":7},"sk":{"a":0,"k":0,"ix":4},"sa":{"a":0,"k":0,"ix":5},"nm":"Transform"}],"nm":"Group 6","np":2,"cix":2,"bm":0,"ix":6,"mn":"ADBE Vector Group","hd":false},{"ty":"gr","it":[{"ind":0,"ty":"sh","ix":1,"ks":{"a":0,"k":{"i":[[1.799,2.856],[4.179,-3.39],[9.365,-7.798],[0.834,-0.978],[-2.326,-2.573],[-2.5,2.057],[-6.372,5.356],[-6.433,5.278],[-0.096,1.467]],"o":[[-4.633,2.827],[-9.464,7.676],[-0.993,0.827],[-1.924,2.258],[2.12,2.346],[6.426,-5.289],[6.369,-5.353],[1.031,-0.846],[-1.154,-3.167]],"v":[[20.979,-23.096],[8.435,-12.932],[-19.714,10.394],[-22.533,13.058],[-23.013,20.29],[-15.124,21.038],[3.965,4.941],[23.147,-11.033],[25.339,-14.027]],"c":true},"ix":2},"nm":"Path 1","mn":"ADBE Vector Shape - Group","hd":false},{"ty":"fl","c":{"a":0,"k":[0.980000035903,0.596000043084,0.152999997606,1],"ix":4},"o":{"a":0,"k":100,"ix":5},"r":1,"bm":0,"nm":"Fill 1","mn":"ADBE Vector Graphic - Fill","hd":false},{"ty":"tr","p":{"a":0,"k":[233.315,254.245],"ix":2},"a":{"a":0,"k":[0,0],"ix":1},"s":{"a":0,"k":[100,100],"ix":3},"r":{"a":0,"k":0,"ix":6},"o":{"a":0,"k":100,"ix":7},"sk":{"a":0,"k":0,"ix":4},"sa":{"a":0,"k":0,"ix":5},"nm":"Transform"}],"nm":"Group 7","np":2,"cix":2,"bm":0,"ix":7,"mn":"ADBE Vector Group","hd":false},{"ty":"gr","it":[{"ind":0,"ty":"sh","ix":1,"ks":{"a":0,"k":{"i":[[3.244,2.404],[1.21,-1.021],[11.437,-9.58],[0.954,-0.867],[-1.959,-2.231],[-3.102,2.606],[-13.863,11.624]],"o":[[-0.097,1.932],[-11.4,9.625],[-0.99,0.829],[-2.635,2.396],[2.393,2.726],[13.854,-11.635],[-2.527,-3.133]],"v":[[17.396,-22.947],[14.473,-19.171],[-19.806,9.609],[-22.845,12.014],[-23.991,20.201],[-15.635,20.341],[25.95,-14.536]],"c":true},"ix":2},"nm":"Path 1","mn":"ADBE Vector Shape - Group","hd":false},{"ty":"fl","c":{"a":0,"k":[0.984000052658,0.752999997606,0.426999978458,1],"ix":4},"o":{"a":0,"k":100,"ix":5},"r":1,"bm":0,"nm":"Fill 1","mn":"ADBE Vector Graphic - Fill","hd":false},{"ty":"tr","p":{"a":0,"k":[168.931,150.749],"ix":2},"a":{"a":0,"k":[0,0],"ix":1},"s":{"a":0,"k":[100,100],"ix":3},"r":{"a":0,"k":0,"ix":6},"o":{"a":0,"k":100,"ix":7},"sk":{"a":0,"k":0,"ix":4},"sa":{"a":0,"k":0,"ix":5},"nm":"Transform"}],"nm":"Group 8","np":2,"cix":2,"bm":0,"ix":8,"mn":"ADBE Vector Group","hd":false},{"ty":"gr","it":[{"ind":0,"ty":"sh","ix":1,"ks":{"a":0,"k":{"i":[[1.904,-1.551],[5.717,-6.344],[-2.405,-2.175],[-1.02,0.799],[-6.195,4.023],[-5.17,4.553],[-2.561,2.402],[1.56,1.851],[2.575,-2.049],[6.496,-5.366]],"o":[[-6.092,5.918],[2.404,2.174],[1.496,0.248],[5.781,-4.532],[4.771,-5.015],[2.637,-2.322],[2.24,-2.099],[-1.773,-2.1],[-6.592,5.245],[-1.894,1.564]],"v":[[-7.821,-0.406],[-26.927,16.406],[-19.713,22.93],[-16.399,21.31],[0.668,7.376],[16.329,-6.107],[24.259,-13.05],[25.367,-20.63],[17.4,-21.128],[-2.11,-5.061]],"c":true},"ix":2},"nm":"Path 1","mn":"ADBE Vector Shape - Group","hd":false},{"ty":"fl","c":{"a":0,"k":[0.972999961703,0.528999956916,0.141000007181,1],"ix":4},"o":{"a":0,"k":100,"ix":5},"r":1,"bm":0,"nm":"Fill 1","mn":"ADBE Vector Graphic - Fill","hd":false},{"ty":"tr","p":{"a":0,"k":[165.863,239.327],"ix":2},"a":{"a":0,"k":[0,0],"ix":1},"s":{"a":0,"k":[100,100],"ix":3},"r":{"a":0,"k":0,"ix":6},"o":{"a":0,"k":100,"ix":7},"sk":{"a":0,"k":0,"ix":4},"sa":{"a":0,"k":0,"ix":5},"nm":"Transform"}],"nm":"Group 9","np":2,"cix":2,"bm":0,"ix":9,"mn":"ADBE Vector Group","hd":false},{"ty":"gr","it":[{"ind":0,"ty":"sh","ix":1,"ks":{"a":0,"k":{"i":[[3.12,-6.058],[-2.899,-3.416],[-7.503,-8.971],[-0.867,-0.098],[-4.501,3.348],[2.063,4.34],[5.569,6.789],[1.831,0.251]],"o":[[-0.784,4.758],[7.57,8.915],[0.544,0.65],[4.499,-3.346],[-2.413,-4.081],[-5.531,-6.823],[-1.02,-1.245],[-6.841,-2.519]],"v":[[-20.88,-16.244],[-16.443,-4.557],[6.084,22.34],[8.165,23.54],[21.664,13.498],[13.224,2.15],[-3.677,-18.057],[-7.434,-21.021]],"c":true},"ix":2},"nm":"Path 1","mn":"ADBE Vector Shape - Group","hd":false},{"ty":"fl","c":{"a":0,"k":[0.855000035903,0.944999964097,0.702000038297,1],"ix":4},"o":{"a":0,"k":100,"ix":5},"r":1,"bm":0,"nm":"Fill 1","mn":"ADBE Vector Graphic - Fill","hd":false},{"ty":"tr","p":{"a":0,"k":[106.661,111.375],"ix":2},"a":{"a":0,"k":[0,0],"ix":1},"s":{"a":0,"k":[100,100],"ix":3},"r":{"a":0,"k":0,"ix":6},"o":{"a":0,"k":100,"ix":7},"sk":{"a":0,"k":0,"ix":4},"sa":{"a":0,"k":0,"ix":5},"nm":"Transform"}],"nm":"Group 10","np":2,"cix":2,"bm":0,"ix":10,"mn":"ADBE Vector Group","hd":false},{"ty":"gr","it":[{"ind":0,"ty":"sh","ix":1,"ks":{"a":0,"k":{"i":[[-0.086,-0.877],[-2.416,-3.689],[-6.782,-8.074],[-0.368,-0.589],[-1.868,0.863],[-3.032,2.805],[8.101,9.877],[-0.147,3.552],[0.501,0.382],[0.741,-1.85],[6.543,5.022],[1.179,0.052],[1.28,-2.957],[-2.233,-2.641],[-4.045,-4.741]],"o":[[3.332,2.92],[6.795,8.062],[0.443,0.527],[1.669,-1.065],[3.033,-2.805],[-7.857,-10.077],[-2.148,-2.619],[0.024,-0.588],[-1.315,1.235],[-6.281,-5.561],[-1.179,-0.018],[-3.548,-0.157],[-1.26,2.911],[4.025,4.759],[0.544,0.638]],"v":[[-13.758,-3.059],[-5.32,7.007],[15.058,31.202],[16.167,32.968],[20.261,28.868],[29.359,20.452],[4.856,-9.01],[1.075,-17.814],[0.315,-19.333],[-0.737,-14.546],[-17.362,-32.751],[-20.902,-32.811],[-28.099,-28.071],[-27.029,-19.435],[-14.935,-5.177]],"c":true},"ix":2},"nm":"Path 1","mn":"ADBE Vector Shape - Group","hd":false},{"ty":"fl","c":{"a":0,"k":[0.732999973671,0.913999968884,0.451000019148,1],"ix":4},"o":{"a":0,"k":100,"ix":5},"r":1,"bm":0,"nm":"Fill 1","mn":"ADBE Vector Graphic - Fill","hd":false},{"ty":"tr","p":{"a":0,"k":[85.466,114.465],"ix":2},"a":{"a":0,"k":[0,0],"ix":1},"s":{"a":0,"k":[100,100],"ix":3},"r":{"a":0,"k":0,"ix":6},"o":{"a":0,"k":100,"ix":7},"sk":{"a":0,"k":0,"ix":4},"sa":{"a":0,"k":0,"ix":5},"nm":"Transform"}],"nm":"Group 11","np":2,"cix":2,"bm":0,"ix":11,"mn":"ADBE Vector Group","hd":false},{"ty":"gr","it":[{"ind":0,"ty":"sh","ix":1,"ks":{"a":0,"k":{"i":[[4.328,2.085],[5.421,9.028],[3.008,0.478],[-6.95,18.273],[1.732,-8.882],[-16.71,0.279],[-0.65,-1.312],[-13.568,7.771],[-3.959,-1.969]],"o":[[-10.341,0.981],[-1.608,-2.676],[-19.003,-3.013],[-8.501,3.921],[-3.463,17.75],[1.572,-0.026],[6.946,14.016],[4.004,-2.293],[-1.338,-4.591]],"v":[[31.51,18.572],[7.772,6.81],[0.461,2.363],[-21.683,-36.693],[-36.485,-16.916],[-8.942,16.448],[-6.083,18.393],[28.224,28.922],[39.948,28.638]],"c":true},"ix":2},"nm":"Path 1","mn":"ADBE Vector Shape - Group","hd":false},{"ty":"fl","c":{"a":0,"k":[0.54900004069,0.773000021542,0.216000007181,1],"ix":4},"o":{"a":0,"k":100,"ix":5},"r":1,"bm":0,"nm":"Fill 1","mn":"ADBE Vector Graphic - Fill","hd":false},{"ty":"tr","p":{"a":0,"k":[40.198,92.834],"ix":2},"a":{"a":0,"k":[0,0],"ix":1},"s":{"a":0,"k":[100,100],"ix":3},"r":{"a":0,"k":0,"ix":6},"o":{"a":0,"k":100,"ix":7},"sk":{"a":0,"k":0,"ix":4},"sa":{"a":0,"k":0,"ix":5},"nm":"Transform"}],"nm":"Group 12","np":2,"cix":2,"bm":0,"ix":12,"mn":"ADBE Vector Group","hd":false},{"ty":"gr","it":[{"ind":0,"ty":"sh","ix":1,"ks":{"a":0,"k":{"i":[[-0.817,0.854],[1.3,1.58],[1.935,2.027],[3.539,3.767],[5.255,0.516],[5.03,-2.936],[0.413,-1.507],[-16.336,-3.046],[-2.584,-3.745],[-8.116,2.136],[0.929,1.091],[3.572,4.206],[-1.148,2.917],[-3.311,-0.065]],"o":[[-0.149,-2.474],[-1.797,-2.184],[-3.538,-3.767],[-4.554,-2.334],[-5.729,-0.56],[-1.364,0.93],[-4.354,15.937],[4.536,0.846],[5.427,7.869],[1.33,-1.784],[-3.577,-4.203],[-2.125,-2.502],[1.181,-3.002],[1.051,0.021]],"v":[[25.739,-1.467],[22.016,-6.678],[17.239,-13.527],[6.622,-24.828],[-7.661,-30.178],[-23.851,-27.039],[-26.115,-23.178],[-3.781,12.656],[6.453,19.292],[29.138,28.602],[28.011,24.706],[17.396,12],[15.826,3.803],[22.786,-0.605]],"c":true},"ix":2},"nm":"Path 1","mn":"ADBE Vector Shape - Group","hd":false},{"ty":"fl","c":{"a":0,"k":[0.596000043084,0.830999995213,0.231000010173,1],"ix":4},"o":{"a":0,"k":100,"ix":5},"r":1,"bm":0,"nm":"Fill 1","mn":"ADBE Vector Graphic - Fill","hd":false},{"ty":"tr","p":{"a":0,"k":[42.366,83.18],"ix":2},"a":{"a":0,"k":[0,0],"ix":1},"s":{"a":0,"k":[100,100],"ix":3},"r":{"a":0,"k":0,"ix":6},"o":{"a":0,"k":100,"ix":7},"sk":{"a":0,"k":0,"ix":4},"sa":{"a":0,"k":0,"ix":5},"nm":"Transform"}],"nm":"Group 13","np":2,"cix":2,"bm":0,"ix":13,"mn":"ADBE Vector Group","hd":false},{"ty":"gr","it":[{"ind":0,"ty":"sh","ix":1,"ks":{"a":0,"k":{"i":[[8.801,-6.934],[-2.232,-6.407],[-2.034,-3.055],[-0.594,-1.157],[-4.178,-4.946],[-0.515,-0.485],[-1.261,0.286],[-0.196,1.099],[-0.263,0.529],[-5.985,-0.984],[-0.598,0.517],[0.731,1.297],[-5.795,5.482],[-2.018,-1.837],[1.782,-2.59],[-4.704,-5.403],[-4.406,-5.383],[-1.95,0.386],[0.858,3.777],[-0.736,1.201],[21.714,-0.482],[3.144,-1.779],[2.024,1.595]],"o":[[-4.13,5.385],[0.374,4.08],[0.705,1.058],[4.762,4.436],[0.457,0.54],[0.846,0.797],[1.456,-0.33],[0.105,-0.589],[3.098,-5.099],[0.699,0.115],[0.289,-1.737],[-4.046,-7.191],[2.505,-2.369],[1.83,1.666],[-4.065,5.911],[4.566,5.245],[0.921,1.125],[2.156,-3.397],[-0.259,-1.139],[10.389,-16.951],[-3.477,0.584],[-2.508,1.417],[-9.174,-7.229]],"v":[[-34.952,-22.572],[-37.797,-4.883],[-31.999,4.48],[-29.768,7.614],[-16.969,22.225],[-15.586,23.833],[-12.685,25.579],[-11.402,22.6],[-10.871,20.928],[-0.003,15.999],[1.98,15.688],[0.24,11.576],[3.224,-10.245],[10.098,-11.054],[10.174,-4.338],[11.047,10.838],[24.506,26.778],[28.074,29.119],[29.461,18.277],[29.64,14.946],[6.297,-24.068],[-3.81,-21.18],[-10.705,-22.12]],"c":true},"ix":2},"nm":"Path 1","mn":"ADBE Vector Shape - Group","hd":false},{"ty":"fl","c":{"a":0,"k":[0.635000011968,0.889999988032,0.250999989229,1],"ix":4},"o":{"a":0,"k":100,"ix":5},"r":1,"bm":0,"nm":"Fill 1","mn":"ADBE Vector Graphic - Fill","hd":false},{"ty":"tr","p":{"a":0,"k":[97.401,74.537],"ix":2},"a":{"a":0,"k":[0,0],"ix":1},"s":{"a":0,"k":[100,100],"ix":3},"r":{"a":0,"k":0,"ix":6},"o":{"a":0,"k":100,"ix":7},"sk":{"a":0,"k":0,"ix":4},"sa":{"a":0,"k":0,"ix":5},"nm":"Transform"}],"nm":"Group 14","np":2,"cix":2,"bm":0,"ix":14,"mn":"ADBE Vector Group","hd":false},{"ty":"gr","it":[{"ind":0,"ty":"sh","ix":1,"ks":{"a":0,"k":{"i":[[0.136,0.348],[0.895,0.893],[7.535,8.238],[5.831,16.152],[-4.466,8.057],[1.126,1.461],[0.963,-1.767],[3.32,-5.326],[-4.659,-10.856],[-6.848,-8.448],[-11.913,-10.773],[-6.01,5.659]],"o":[[-1.501,-0.006],[-7.915,-7.888],[-11.344,-12.399],[-3.064,-8.486],[0.541,-0.977],[-2.872,-0.139],[-4.209,4.638],[-6.302,10.115],[4.323,10.071],[10.127,12.489],[6.729,-4.797],[0.257,-0.241]],"v":[[37.146,39.458],[34.016,37.371],[10.373,13.61],[-17.496,-27.889],[-15.99,-52.707],[-15.169,-56.13],[-19.262,-52.031],[-30.536,-37.095],[-32.622,-5.747],[-15.293,21.637],[18.039,56.269],[37.018,40.428]],"c":true},"ix":2},"nm":"Path 1","mn":"ADBE Vector Shape - Group","hd":false},{"ty":"fl","c":{"a":0,"k":[0.980000035903,0.596000043084,0.152999997606,1],"ix":4},"o":{"a":0,"k":100,"ix":5},"r":1,"bm":0,"nm":"Fill 1","mn":"ADBE Vector Graphic - Fill","hd":false},{"ty":"tr","p":{"a":0,"k":[120.897,199.463],"ix":2},"a":{"a":0,"k":[0,0],"ix":1},"s":{"a":0,"k":[100,100],"ix":3},"r":{"a":0,"k":0,"ix":6},"o":{"a":0,"k":100,"ix":7},"sk":{"a":0,"k":0,"ix":4},"sa":{"a":0,"k":0,"ix":5},"nm":"Transform"}],"nm":"Group 15","np":2,"cix":2,"bm":0,"ix":15,"mn":"ADBE Vector Group","hd":false},{"ty":"gr","it":[{"ind":0,"ty":"sh","ix":1,"ks":{"a":0,"k":{"i":[[1.932,0.007],[3.545,3.361],[1.041,-0.891],[5.582,-4.67],[-24.598,-17.908],[-19.787,-13.033],[-3.583,0.091],[-1.431,4.913],[0.93,4.133],[8.385,5.603],[15.074,10.78],[0.281,0.37],[6.526,4.96],[7.599,6.066],[-0.642,1.306]],"o":[[-4.573,-2.093],[-1.658,-0.576],[-5.531,4.732],[22.658,20.354],[19.157,13.947],[2.751,1.812],[5.173,-0.131],[1.136,-3.907],[-8.856,-4.878],[-15.412,-10.299],[-0.361,-0.258],[-6.971,-4.358],[-7.74,-5.884],[-0.622,-0.497],[-0.351,-1.975]],"v":[[-44.176,-48.645],[-55.522,-57.852],[-59.205,-56.366],[-75.903,-42.298],[-4.472,14.408],[54.019,54.771],[63.047,58.336],[74.088,50.577],[74.973,38.44],[49.605,21.959],[4.132,-10.022],[3.278,-11.118],[-16.548,-25.678],[-39.414,-43.793],[-40.642,-45.809]],"c":true},"ix":2},"nm":"Path 1","mn":"ADBE Vector Shape - Group","hd":false},{"ty":"fl","c":{"a":0,"k":[0.980000035903,0.596000043084,0.152999997606,1],"ix":4},"o":{"a":0,"k":100,"ix":5},"r":1,"bm":0,"nm":"Fill 1","mn":"ADBE Vector Graphic - Fill","hd":false},{"ty":"tr","p":{"a":0,"k":[222.053,304.554],"ix":2},"a":{"a":0,"k":[0,0],"ix":1},"s":{"a":0,"k":[100,100],"ix":3},"r":{"a":0,"k":0,"ix":6},"o":{"a":0,"k":100,"ix":7},"sk":{"a":0,"k":0,"ix":4},"sa":{"a":0,"k":0,"ix":5},"nm":"Transform"}],"nm":"Group 16","np":2,"cix":2,"bm":0,"ix":16,"mn":"ADBE Vector Group","hd":false},{"ty":"gr","it":[{"ind":0,"ty":"sh","ix":1,"ks":{"a":0,"k":{"i":[[-1.917,0.794],[4.024,10.006],[11.419,23.467],[13.141,-11.265],[1.041,-0.311],[1.38,1.848],[-1.236,1.632],[-2.585,2.222],[-11.063,9.722],[-0.224,1.022],[21.747,26.819],[2.117,2.368],[1.718,-1.443],[12.087,-9.966],[1.191,-0.269],[1.082,1.574],[-1.037,1.736],[-1.344,1.132],[-11.495,9.574],[0.999,2.467],[4.491,2.593],[9.682,-3.494],[5.839,-2.984],[4.454,-3.409],[2.241,-3.867],[0.619,-1.135],[-3.4,-8.888],[-7.313,-9.149],[-11.353,-11.474],[-1.307,0.051],[-3.174,2.562],[-4.706,4.092],[-0.726,0.395],[-1.088,-1.795],[1.799,-1.754],[5.417,-4.877],[1.146,-3.413],[-4.024,-2.868],[-0.313,0.553],[-3.686,1.855],[-1.757,-2.051],[2.027,-1.953],[3.112,-0.27],[-0.974,-0.826],[-5.686,-4.402],[-7.404,-5.455],[-1.812,0.671],[0.132,0.283],[-2.72,2.287],[-5.003,4.088],[-1.062,0.23],[-1.253,-2.047],[1.432,-1.583],[4.32,-3.798],[1.153,-1.004],[3.247,1.554],[0.387,-0.316],[-1.186,-0.87],[-11.477,-7.799],[-10.461,-6.354]],"o":[[0.133,-10.931],[-9.734,-24.206],[-13.205,11.187],[-0.809,0.693],[-2.118,0.631],[-1.33,-1.779],[2.087,-2.757],[11.164,-9.598],[0.696,-0.612],[-15.074,-30.857],[-1.998,-2.465],[-2.667,0.006],[-11.993,10.076],[-0.911,0.751],[-1.953,0.441],[-1.2,-1.746],[0.933,-1.565],[11.447,-9.631],[1.308,-1.091],[-3.779,-3.571],[-8.895,-5.138],[-6.221,2.244],[-5.469,1.915],[-3.142,2.933],[-0.099,1.332],[-4.708,8.633],[4.227,11.049],[10.118,12.655],[0.834,0.843],[3.93,-1.56],[4.851,-3.914],[0.623,-0.542],[2.369,-1.287],[1.322,2.182],[-5.231,5.099],[-2.391,2.154],[2.51,4.523],[0.56,0.398],[0.113,-3.92],[2.245,-1.131],[1.671,1.951],[-2.149,2.071],[-2.11,1.889],[5.489,4.648],[7.273,5.631],[1.172,0.864],[0.24,-0.27],[-1.848,-3.971],[4.948,-4.155],[0.815,-0.667],[2.094,-0.455],[1.152,1.88],[-3.887,4.294],[-1.143,1.006],[-2.291,1.994],[-0.432,-0.207],[-0.357,2.195],[11.189,8.211],[10.115,6.873],[1.33,0.807]],"v":[[98.857,114.683],[91.734,83.621],[60.485,11.907],[20.676,45.239],[18.022,46.949],[12.654,45.376],[12.875,40.148],[20.497,33.334],[54.324,4.934],[56.125,2.837],[3.044,-84.981],[-3.289,-92.098],[-9.066,-88.484],[-45.039,-58.247],[-48.03,-56.429],[-52.647,-58.285],[-52.497,-63.615],[-48.622,-67.193],[-14.293,-96.1],[-11.843,-100.508],[-24.336,-109.633],[-52.125,-111.984],[-69.844,-103.438],[-83.741,-94.002],[-92.989,-85.01],[-94.282,-81.369],[-95.122,-55.061],[-76.855,-25.352],[-43.378,9.629],[-40.313,11.174],[-30.516,3.807],[-16.152,-8.176],[-14.149,-9.618],[-7.73,-8.848],[-8.597,-2.734],[-25.204,11.501],[-32.05,18.366],[-21.189,28.312],[-19.796,27.665],[-14.565,18.772],[-8.498,19.549],[-9.028,25.891],[-16.718,29.877],[-15.661,33.34],[1.137,46.874],[23.137,63.527],[27.156,65.123],[27.53,64.184],[30.67,55.423],[45.577,43.033],[48.299,41.45],[53.555,43.233],[52.904,48.37],[39.927,59.748],[36.428,62.704],[28.496,64.787],[27.19,65.103],[30.005,68.663],[63.946,92.771],[94.461,113.145]],"c":true},"ix":2},"nm":"Path 1","mn":"ADBE Vector Shape - Group","hd":false},{"ty":"fl","c":{"a":0,"k":[0.984000052658,0.647000002394,0.184000007779,1],"ix":4},"o":{"a":0,"k":100,"ix":5},"r":1,"bm":0,"nm":"Fill 1","mn":"ADBE Vector Graphic - Fill","hd":false},{"ty":"tr","p":{"a":0,"k":[198.169,228.312],"ix":2},"a":{"a":0,"k":[0,0],"ix":1},"s":{"a":0,"k":[100,100],"ix":3},"r":{"a":0,"k":0,"ix":6},"o":{"a":0,"k":100,"ix":7},"sk":{"a":0,"k":0,"ix":4},"sa":{"a":0,"k":0,"ix":5},"nm":"Transform"}],"nm":"Group 17","np":2,"cix":2,"bm":0,"ix":17,"mn":"ADBE Vector Group","hd":false},{"ty":"gr","it":[{"ind":0,"ty":"sh","ix":1,"ks":{"a":0,"k":{"i":[[0.416,1.567],[2.137,6.493],[-10.933,8.028],[-0.491,0.484],[0,0],[4.014,-3.632],[-10.794,-13.054],[-1.991,-3.361],[-0.686,-0.587],[-2.331,-2.582],[-1.457,1.102],[0.226,1.596],[-1.274,2.801]],"o":[[-3.877,-5.254],[-4.202,-12.759],[0.549,-0.404],[0,0],[-4.931,1.8],[-12.261,11.089],[2.465,2.98],[-0.393,1.098],[2.665,2.278],[0.694,0.768],[0.488,-1.658],[-0.441,-3.123],[0.56,-1.23]],"v":[[15.052,16.587],[4.066,0.378],[14.975,-33.687],[16.454,-35.128],[10.789,-35.128],[-3.108,-27.978],[-5.66,13.913],[1.59,22.974],[2.59,25.364],[9.707,32.996],[12.495,34.026],[12.074,29.213],[13.746,20.431]],"c":true},"ix":2},"nm":"Path 1","mn":"ADBE Vector Shape - Group","hd":false},{"ty":"fl","c":{"a":0,"k":[0.510000011968,0.713999968884,0.195999998205,1],"ix":4},"o":{"a":0,"k":100,"ix":5},"r":1,"bm":0,"nm":"Fill 1","mn":"ADBE Vector Graphic - Fill","hd":false},{"ty":"tr","p":{"a":0,"k":[47.398,35.378],"ix":2},"a":{"a":0,"k":[0,0],"ix":1},"s":{"a":0,"k":[100,100],"ix":3},"r":{"a":0,"k":0,"ix":6},"o":{"a":0,"k":100,"ix":7},"sk":{"a":0,"k":0,"ix":4},"sa":{"a":0,"k":0,"ix":5},"nm":"Transform"}],"nm":"Group 18","np":2,"cix":2,"bm":0,"ix":18,"mn":"ADBE Vector Group","hd":false},{"ty":"gr","it":[{"ind":0,"ty":"sh","ix":1,"ks":{"a":0,"k":{"i":[[-2.17,2.165],[4.579,3.181],[-0.361,1.724],[15.209,2.946],[0.262,0.213],[0,0],[2.226,-7.439],[-7.191,-8.479],[-2.824,-1.114],[-1.195,0.715],[-5.241,-4.594],[-4.323,2.52]],"o":[[-1.546,-5.479],[-1.088,-0.755],[3.209,-15.301],[-0.293,-0.056],[0,0],[-7.167,3.604],[-3.221,10.765],[1.788,2.107],[1.536,-0.042],[6.006,-3.6],[3.626,3.179],[2.436,-1.42]],"v":[[28.365,22.411],[18.784,9.698],[17.013,6.706],[-5.734,-27.186],[-6.525,-27.807],[-11.482,-27.807],[-25.144,-10.725],[-18.673,18.222],[-12.803,24.159],[-9.08,22.274],[8.983,23.574],[20.53,25.287]],"c":true},"ix":2},"nm":"Path 1","mn":"ADBE Vector Shape - Group","hd":false},{"ty":"fl","c":{"a":0,"k":[0.54900004069,0.773000021542,0.216000007181,1],"ix":4},"o":{"a":0,"k":100,"ix":5},"r":1,"bm":0,"nm":"Fill 1","mn":"ADBE Vector Graphic - Fill","hd":false},{"ty":"tr","p":{"a":0,"k":[75.334,28.057],"ix":2},"a":{"a":0,"k":[0,0],"ix":1},"s":{"a":0,"k":[100,100],"ix":3},"r":{"a":0,"k":0,"ix":6},"o":{"a":0,"k":100,"ix":7},"sk":{"a":0,"k":0,"ix":4},"sa":{"a":0,"k":0,"ix":5},"nm":"Transform"}],"nm":"Group 19","np":2,"cix":2,"bm":0,"ix":19,"mn":"ADBE Vector Group","hd":false}],"ip":0,"op":46.9993717414289,"st":0,"bm":0},{"ddd":0,"ind":5,"ty":4,"nm":"ch Outlines","sr":1,"ks":{"o":{"a":0,"k":100,"ix":11},"r":{"a":0,"k":0,"ix":10},"p":{"a":1,"k":[{"i":{"x":0.833,"y":0.833},"o":{"x":0.167,"y":0.167},"t":1,"s":[215.746,460.404,0],"to":[0,-1.333,0],"ti":[0,0,0]},{"i":{"x":0.833,"y":0.833},"o":{"x":0.167,"y":0.167},"t":8,"s":[215.746,452.404,0],"to":[0,0,0],"ti":[0,0,0]},{"i":{"x":0.833,"y":0.833},"o":{"x":0.167,"y":0.167},"t":15,"s":[215.746,460.404,0],"to":[0,0,0],"ti":[0,0,0]},{"i":{"x":0.833,"y":0.833},"o":{"x":0.167,"y":0.167},"t":26,"s":[215.746,452.404,0],"to":[0,0,0],"ti":[0,0,0]},{"i":{"x":0.833,"y":0.833},"o":{"x":0.167,"y":0.167},"t":32,"s":[215.746,460.404,0],"to":[0,0,0],"ti":[0,0,0]},{"i":{"x":0.833,"y":0.833},"o":{"x":0.167,"y":0.167},"t":39.999,"s":[215.746,452.404,0],"to":[0,0,0],"ti":[0,-1.333,0]},{"t":46.9993717414289,"s":[215.746,460.404,0]}],"ix":2,"l":2},"a":{"a":0,"k":[145.986,178.944,0],"ix":1,"l":2},"s":{"a":0,"k":[17.232,17.232,100],"ix":6,"l":2}},"ao":0,"shapes":[{"ty":"gr","it":[{"ty":"sr","sy":2,"d":1,"pt":{"a":0,"k":3,"ix":3},"p":{"a":0,"k":[0,0],"ix":4},"r":{"a":0,"k":90,"ix":5},"or":{"a":0,"k":1.16,"ix":7},"os":{"a":0,"k":0,"ix":9},"ix":1,"nm":"Polystar Path 1","mn":"ADBE Vector Shape - Star","hd":false},{"ty":"fl","c":{"a":0,"k":[0.572549019608,0.166151473101,0.166151473101,1],"ix":4},"o":{"a":0,"k":100,"ix":5},"r":1,"bm":0,"nm":"Fill 1","mn":"ADBE Vector Graphic - Fill","hd":false},{"ty":"tr","p":{"a":0,"k":[-537.862,256.035],"ix":2},"a":{"a":0,"k":[0,0],"ix":1},"s":{"a":0,"k":[100,100],"ix":3},"r":{"a":0,"k":0,"ix":6},"o":{"a":0,"k":100,"ix":7},"sk":{"a":0,"k":0,"ix":4},"sa":{"a":0,"k":0,"ix":5},"nm":"Transform"}],"nm":"Polystar 1","np":3,"cix":2,"bm":0,"ix":1,"mn":"ADBE Vector Group","hd":false},{"ty":"gr","it":[{"ind":0,"ty":"sh","ix":1,"ks":{"a":0,"k":{"i":[[-2.673,0.172],[-0.974,-4.261],[3.765,-1.652],[3.114,0.924],[1.053,3.458],[-4.501,1.63]],"o":[[4.053,-0.053],[0.818,3.574],[-3.516,1.543],[-3.528,-1.047],[-1.388,-4.564],[2.509,-0.909]],"v":[[1.787,-9.321],[9.841,-2.58],[5.245,5.598],[-5.595,8.449],[-9.271,-1.421],[-6.003,-7.7]],"c":true},"ix":2},"nm":"Path 1","mn":"ADBE Vector Shape - Group","hd":false},{"ty":"fl","c":{"a":0,"k":[0.995999983245,0.438999998803,0.344999994016,1],"ix":4},"o":{"a":0,"k":100,"ix":5},"r":1,"bm":0,"nm":"Fill 1","mn":"ADBE Vector Graphic - Fill","hd":false},{"ty":"tr","p":{"a":0,"k":[180.282,160.165],"ix":2},"a":{"a":0,"k":[0,0],"ix":1},"s":{"a":0,"k":[100,100],"ix":3},"r":{"a":0,"k":0,"ix":6},"o":{"a":0,"k":100,"ix":7},"sk":{"a":0,"k":0,"ix":4},"sa":{"a":0,"k":0,"ix":5},"nm":"Transform"}],"nm":"Group 1","np":2,"cix":2,"bm":0,"ix":2,"mn":"ADBE Vector Group","hd":false},{"ty":"gr","it":[{"ind":0,"ty":"sh","ix":1,"ks":{"a":0,"k":{"i":[[-0.385,-1.477],[2.832,-1.132],[0.352,1.158],[0.49,1.787],[3.849,13.476],[-2.411,0.659],[-2.032,-7.423],[-3.701,-13.399]],"o":[[-2.357,1.987],[-1.981,0.791],[-0.538,-1.773],[-3.712,-13.515],[-0.732,-2.563],[7.403,-2.02],[3.671,13.407],[0.246,0.893]],"v":[[12.184,23.507],[3.65,26.592],[1.264,24.624],[-0.259,19.277],[-11.452,-21.251],[-9.138,-25.28],[0.231,-19.96],[11.329,20.238]],"c":true},"ix":2},"nm":"Path 1","mn":"ADBE Vector Shape - Group","hd":false},{"ty":"fl","c":{"a":0,"k":[0.995999983245,0.995999983245,0.995999983245,1],"ix":4},"o":{"a":0,"k":100,"ix":5},"r":1,"bm":0,"nm":"Fill 1","mn":"ADBE Vector Graphic - Fill","hd":false},{"ty":"tr","p":{"a":0,"k":[149.262,177.931],"ix":2},"a":{"a":0,"k":[0,0],"ix":1},"s":{"a":0,"k":[100,100],"ix":3},"r":{"a":0,"k":0,"ix":6},"o":{"a":0,"k":100,"ix":7},"sk":{"a":0,"k":0,"ix":4},"sa":{"a":0,"k":0,"ix":5},"nm":"Transform"}],"nm":"Group 2","np":2,"cix":2,"bm":0,"ix":3,"mn":"ADBE Vector Group","hd":false},{"ty":"gr","it":[{"ind":0,"ty":"sh","ix":1,"ks":{"a":0,"k":{"i":[[-7.452,0.637],[-1.503,-7.799],[7.706,-2.846],[4.057,-0.936],[-0.67,-2.199],[-1.479,-4.755],[1.749,-0.495],[2.291,0.8],[0.776,2.779],[3.783,13.145],[-2.586,0.617]],"o":[[8.875,-0.234],[1.662,8.615],[-3.902,1.442],[-2.047,0.473],[1.452,4.764],[0.627,2.018],[-2.89,0.818],[-1.612,-0.562],[-3.678,-13.175],[-0.753,-2.615],[8.445,-2.016]],"v":[[4.464,-28.868],[21.174,-16.008],[11.944,1.848],[-0.07,5.311],[-2.093,8.498],[1.832,22.922],[0.104,26.128],[-8.375,28.301],[-11.048,20.446],[-22.083,-19.078],[-19.662,-23.254]],"c":true},"ix":2},"nm":"Path 1","mn":"ADBE Vector Shape - Group","hd":false},{"ty":"fl","c":{"a":0,"k":[0.995999983245,0.995999983245,0.995999983245,1],"ix":4},"o":{"a":0,"k":100,"ix":5},"r":1,"bm":0,"nm":"Fill 1","mn":"ADBE Vector Graphic - Fill","hd":false},{"ty":"tr","p":{"a":0,"k":[180.026,170.749],"ix":2},"a":{"a":0,"k":[0,0],"ix":1},"s":{"a":0,"k":[100,100],"ix":3},"r":{"a":0,"k":0,"ix":6},"o":{"a":0,"k":100,"ix":7},"sk":{"a":0,"k":0,"ix":4},"sa":{"a":0,"k":0,"ix":5},"nm":"Transform"}],"nm":"Group 3","np":2,"cix":2,"bm":0,"ix":4,"mn":"ADBE Vector Group","hd":false},{"ty":"gr","it":[{"ind":0,"ty":"sh","ix":1,"ks":{"a":0,"k":{"i":[[1.696,-0.47],[0.302,1.154],[3.52,15.727],[-2.331,1.639],[-0.512,-2.286],[-1.108,-4.979],[-2.467,0.747],[-4.878,1.021],[0.561,1.999],[1.388,4.791],[-2.101,0.605],[-2.132,-7.756],[-3.87,-13.493],[2.465,-0.692],[1.949,7.372],[1.004,4.172],[2.202,-0.661],[4.87,-1.068],[-0.7,-2.353],[-1.554,-5.468],[2.247,-0.364]],"o":[[-2.358,0.445],[-4.072,-15.604],[-1.054,-4.705],[1.402,-0.985],[1.114,4.978],[0.522,2.346],[4.771,-1.445],[2.441,-0.511],[-1.349,-4.803],[-0.633,-2.187],[7.553,-2.177],[3.721,13.537],[0.727,2.532],[-7.341,2.06],[-1.096,-4.15],[-0.468,-1.944],[-4.775,1.433],[-2.633,0.578],[1.62,5.447],[0.558,1.964],[-2.39,0.387]],"v":[[-11.764,30.833],[-14.57,28.889],[-26.598,-17.963],[-19.475,-22.145],[-16.295,-20.756],[-12.534,-5.916],[-8.776,-3.573],[5.708,-7.322],[7.735,-10.921],[3.845,-25.372],[6.02,-29.04],[15.682,-23.522],[26.925,17.064],[24.682,21.171],[15.431,15.953],[12.106,3.512],[8.834,1.502],[-5.662,5.21],[-7.885,9.365],[-3.381,25.813],[-5.364,29.12]],"c":true},"ix":2},"nm":"Path 1","mn":"ADBE Vector Shape - Group","hd":false},{"ty":"fl","c":{"a":0,"k":[0.995999983245,0.995999983245,0.995999983245,1],"ix":4},"o":{"a":0,"k":100,"ix":5},"r":1,"bm":0,"nm":"Fill 1","mn":"ADBE Vector Graphic - Fill","hd":false},{"ty":"tr","p":{"a":0,"k":[113.012,187.762],"ix":2},"a":{"a":0,"k":[0,0],"ix":1},"s":{"a":0,"k":[100,100],"ix":3},"r":{"a":0,"k":0,"ix":6},"o":{"a":0,"k":100,"ix":7},"sk":{"a":0,"k":0,"ix":4},"sa":{"a":0,"k":0,"ix":5},"nm":"Transform"}],"nm":"Group 4","np":2,"cix":2,"bm":0,"ix":5,"mn":"ADBE Vector Group","hd":false},{"ty":"gr","it":[{"ind":0,"ty":"sh","ix":1,"ks":{"a":0,"k":{"i":[[-0.461,-3.837],[7.503,0.098],[0.415,3.043],[-4.678,1.616],[-3.324,-4.348],[-1.423,0.431],[-2.787,0.754]],"o":[[-7.09,-3.287],[-5.625,-0.073],[-0.335,-2.456],[5.092,-1.761],[0.933,1.221],[2.763,-0.838],[0.461,3.838]],"v":[[15.419,7.652],[-6.757,4.783],[-15.084,0.497],[-8.273,-5.891],[2.487,-2.676],[5.679,-1.573],[14.036,-3.859]],"c":true},"ix":2},"nm":"Path 1","mn":"ADBE Vector Shape - Group","hd":false},{"ty":"fl","c":{"a":0,"k":[0.995999983245,0.438999998803,0.344999994016,1],"ix":4},"o":{"a":0,"k":100,"ix":5},"r":1,"bm":0,"nm":"Fill 1","mn":"ADBE Vector Graphic - Fill","hd":false},{"ty":"tr","p":{"a":0,"k":[232.367,143.515],"ix":2},"a":{"a":0,"k":[0,0],"ix":1},"s":{"a":0,"k":[100,100],"ix":3},"r":{"a":0,"k":0,"ix":6},"o":{"a":0,"k":100,"ix":7},"sk":{"a":0,"k":0,"ix":4},"sa":{"a":0,"k":0,"ix":5},"nm":"Transform"}],"nm":"Group 5","np":2,"cix":2,"bm":0,"ix":6,"mn":"ADBE Vector Group","hd":false},{"ty":"gr","it":[{"ind":0,"ty":"sh","ix":1,"ks":{"a":0,"k":{"i":[[-0.461,2.938],[-13.887,2.463],[-2.343,-0.179],[-0.39,-2.472],[2.807,-1.011],[2.585,-0.928],[1,-9.629],[0.318,-0.858],[2.492,0.764]],"o":[[0.103,-14.282],[2.277,-0.404],[2.682,0.206],[0.412,2.609],[-2.552,0.919],[-9.093,3.265],[-0.094,0.908],[-1.179,3.18],[-3.034,-0.929]],"v":[[-18.779,12.409],[7.176,-18.387],[14.056,-19.098],[18.828,-14.878],[15.419,-9.177],[7.583,-7.851],[-7.633,11.294],[-8.296,13.974],[-14.804,18.513]],"c":true},"ix":2},"nm":"Path 1","mn":"ADBE Vector Shape - Group","hd":false},{"ty":"fl","c":{"a":0,"k":[0.969000004787,0.709999952129,0.298000021542,1],"ix":4},"o":{"a":0,"k":100,"ix":5},"r":1,"bm":0,"nm":"Fill 1","mn":"ADBE Vector Graphic - Fill","hd":false},{"ty":"tr","p":{"a":0,"k":[39.807,117.76],"ix":2},"a":{"a":0,"k":[0,0],"ix":1},"s":{"a":0,"k":[100,100],"ix":3},"r":{"a":0,"k":0,"ix":6},"o":{"a":0,"k":100,"ix":7},"sk":{"a":0,"k":0,"ix":4},"sa":{"a":0,"k":0,"ix":5},"nm":"Transform"}],"nm":"Group 6","np":2,"cix":2,"bm":0,"ix":7,"mn":"ADBE Vector Group","hd":false},{"ty":"gr","it":[{"ind":0,"ty":"sh","ix":1,"ks":{"a":0,"k":{"i":[[-0.448,2.752],[-14.399,1.895],[-2.729,-2.714],[3.869,-1.569],[1.813,-0.306],[0.618,-9.369],[0.538,-1.179],[2.933,0.776]],"o":[[0.708,-15.774],[3.027,-0.398],[2.969,2.954],[-1.802,0.73],[-9.142,1.543],[-0.087,1.317],[-1.276,2.79],[-2.858,-0.757]],"v":[[-19.311,13.237],[7.951,-17.907],[16.79,-17.048],[15.082,-8.711],[9.596,-7.996],[-8.093,11.766],[-9.04,15.426],[-15.441,18.986]],"c":true},"ix":2},"nm":"Path 1","mn":"ADBE Vector Shape - Group","hd":false},{"ty":"fl","c":{"a":0,"k":[0.969000004787,0.709999952129,0.298000021542,1],"ix":4},"o":{"a":0,"k":100,"ix":5},"r":1,"bm":0,"nm":"Fill 1","mn":"ADBE Vector Graphic - Fill","hd":false},{"ty":"tr","p":{"a":0,"k":[253.938,240.781],"ix":2},"a":{"a":0,"k":[0,0],"ix":1},"s":{"a":0,"k":[100,100],"ix":3},"r":{"a":0,"k":0,"ix":6},"o":{"a":0,"k":100,"ix":7},"sk":{"a":0,"k":0,"ix":4},"sa":{"a":0,"k":0,"ix":5},"nm":"Transform"}],"nm":"Group 7","np":2,"cix":2,"bm":0,"ix":8,"mn":"ADBE Vector Group","hd":false},{"ty":"gr","it":[{"ind":0,"ty":"sh","ix":1,"ks":{"a":0,"k":{"i":[[-3.042,-0.237],[-3.795,-15.12],[0.864,-2.724],[2.97,0.554],[0.187,2.866],[4.47,4.244],[5.241,0.365],[-0.937,3.991]],"o":[[15.678,1.138],[0.597,2.375],[-0.921,2.907],[-2.633,-0.491],[-0.391,-5.978],[-3.886,-3.688],[-4.893,-0.341],[0.759,-3.228]],"v":[[-12.64,-18.972],[18.195,7.022],[18.686,14.85],[13.004,18.655],[8.635,13.634],[1.771,-1.843],[-11.944,-7.79],[-18.613,-14.978]],"c":true},"ix":2},"nm":"Path 1","mn":"ADBE Vector Shape - Group","hd":false},{"ty":"fl","c":{"a":0,"k":[0.969000004787,0.709999952129,0.298000021542,1],"ix":4},"o":{"a":0,"k":100,"ix":5},"r":1,"bm":0,"nm":"Fill 1","mn":"ADBE Vector Graphic - Fill","hd":false},{"ty":"tr","p":{"a":0,"k":[180.609,286.574],"ix":2},"a":{"a":0,"k":[0,0],"ix":1},"s":{"a":0,"k":[100,100],"ix":3},"r":{"a":0,"k":0,"ix":6},"o":{"a":0,"k":100,"ix":7},"sk":{"a":0,"k":0,"ix":4},"sa":{"a":0,"k":0,"ix":5},"nm":"Transform"}],"nm":"Group 8","np":2,"cix":2,"bm":0,"ix":9,"mn":"ADBE Vector Group","hd":false},{"ty":"gr","it":[{"ind":0,"ty":"sh","ix":1,"ks":{"a":0,"k":{"i":[[2.026,-0.085],[-0.135,3.311],[-17.578,-0.389],[-0.426,-2.532],[2.595,-0.735],[3.769,-2.245],[0.749,-7.335],[0.951,-1.729]],"o":[[-3.116,0.049],[0.728,-17.941],[3.096,0.069],[0.425,2.521],[-3.963,1.122],[-6.318,3.764],[-0.205,2.011],[-0.943,1.718]],"v":[[-13.625,19.04],[-19.052,13.451],[13.896,-18.701],[18.762,-14.242],[15.407,-8.951],[3.464,-5.701],[-7.417,10.617],[-9.186,16.198]],"c":true},"ix":2},"nm":"Path 1","mn":"ADBE Vector Shape - Group","hd":false},{"ty":"fl","c":{"a":0,"k":[0.969000004787,0.709999952129,0.298000021542,1],"ix":4},"o":{"a":0,"k":100,"ix":5},"r":1,"bm":0,"nm":"Fill 1","mn":"ADBE Vector Graphic - Fill","hd":false},{"ty":"tr","p":{"a":0,"k":[247.661,83.135],"ix":2},"a":{"a":0,"k":[0,0],"ix":1},"s":{"a":0,"k":[100,100],"ix":3},"r":{"a":0,"k":0,"ix":6},"o":{"a":0,"k":100,"ix":7},"sk":{"a":0,"k":0,"ix":4},"sa":{"a":0,"k":0,"ix":5},"nm":"Transform"}],"nm":"Group 9","np":2,"cix":2,"bm":0,"ix":10,"mn":"ADBE Vector Group","hd":false},{"ty":"gr","it":[{"ind":0,"ty":"sh","ix":1,"ks":{"a":0,"k":{"i":[[-4.594,-0.018],[-4.033,-11.204],[-0.306,-3.705],[2.672,-0.469],[0.556,3.456],[4.905,4.301],[4.711,0.593],[0.568,0.093],[-0.387,3.157]],"o":[[11.533,0.043],[1.261,3.506],[0.251,3.047],[-2.965,0.52],[-0.967,-6.008],[-3.618,-3.172],[-0.572,-0.072],[-4.288,-0.698],[0.41,-3.351]],"v":[[-11.754,-19.073],[16.616,1.543],[19.015,12.306],[14.816,18.57],[8.887,13.751],[1.663,-2.297],[-10.753,-7.896],[-12.487,-7.986],[-18.879,-14.326]],"c":true},"ix":2},"nm":"Path 1","mn":"ADBE Vector Shape - Group","hd":false},{"ty":"fl","c":{"a":0,"k":[0.969000004787,0.709999952129,0.298000021542,1],"ix":4},"o":{"a":0,"k":100,"ix":5},"r":1,"bm":0,"nm":"Fill 1","mn":"ADBE Vector Graphic - Fill","hd":false},{"ty":"tr","p":{"a":0,"k":[100.09,83.541],"ix":2},"a":{"a":0,"k":[0,0],"ix":1},"s":{"a":0,"k":[100,100],"ix":3},"r":{"a":0,"k":0,"ix":6},"o":{"a":0,"k":100,"ix":7},"sk":{"a":0,"k":0,"ix":4},"sa":{"a":0,"k":0,"ix":5},"nm":"Transform"}],"nm":"Group 10","np":2,"cix":2,"bm":0,"ix":11,"mn":"ADBE Vector Group","hd":false},{"ty":"gr","it":[{"ind":0,"ty":"sh","ix":1,"ks":{"a":0,"k":{"i":[[-1.25,0.815],[-5.279,-0.674],[-3.604,-5.627],[1.498,-0.861],[2.857,3.559],[4.132,-1.488],[0.476,-4.548],[-3.495,-5.82],[-6.546,3.581],[-0.028,3.289],[-4.449,-0.192],[2.116,-7.853],[8.316,-1.557],[6.094,4.626],[-1.883,11.949],[-4.876,3.369]],"o":[[4.863,-1.568],[6.84,0.874],[-1.734,0.767],[-3.192,1.836],[-2.668,-3.322],[-4.564,1.645],[-0.709,6.774],[3.83,6.378],[3.088,-1.688],[0.039,-4.485],[7.928,0.343],[-2.34,8.683],[-7.157,1.339],[-9.161,-8.487],[0.904,-5.737],[1.228,-0.847]],"v":[[-10.759,-24.834],[4.208,-27.164],[19.126,-16.732],[14.23,-14.532],[5.903,-15.868],[-5.424,-17.734],[-12.736,-7.968],[-8.431,11.088],[9.17,15.475],[13.096,7.962],[17.74,3.67],[23.548,11.865],[6.644,26.499],[-13.604,22.464],[-23.785,-8.659],[-14.507,-22.384]],"c":true},"ix":2},"nm":"Path 1","mn":"ADBE Vector Shape - Group","hd":false},{"ty":"fl","c":{"a":0,"k":[0.995999983245,0.995999983245,0.995999983245,1],"ix":4},"o":{"a":0,"k":100,"ix":5},"r":1,"bm":0,"nm":"Fill 1","mn":"ADBE Vector Graphic - Fill","hd":false},{"ty":"tr","p":{"a":0,"k":[61.798,202.426],"ix":2},"a":{"a":0,"k":[0,0],"ix":1},"s":{"a":0,"k":[100,100],"ix":3},"r":{"a":0,"k":0,"ix":6},"o":{"a":0,"k":100,"ix":7},"sk":{"a":0,"k":0,"ix":4},"sa":{"a":0,"k":0,"ix":5},"nm":"Transform"}],"nm":"Group 11","np":2,"cix":2,"bm":0,"ix":12,"mn":"ADBE Vector Group","hd":false},{"ty":"gr","it":[{"ind":0,"ty":"sh","ix":1,"ks":{"a":0,"k":{"i":[[1.471,-0.664],[6.341,2.697],[1.867,3.738],[-1.126,0.405],[-0.699,0.399],[-2.61,-3.998],[-4.136,1.2],[-0.969,4.838],[4.307,0.08],[6.423,1.405],[-0.672,8.035],[-4.878,2.322],[-4.559,0.356],[-3.589,-4.401],[-0.676,-1.527],[3.243,-0.699],[0.878,0.946],[3.688,-4.262],[-2.452,-1.153],[-1.506,-0.011],[-5.049,-1.05],[-1.804,-2.367],[-0.478,-4.584],[8.033,-4.056]],"o":[[-6.441,1.757],[-4.061,-1.727],[-0.694,-1.389],[0.765,-0.276],[3.471,-1.98],[2.251,3.448],[4.233,-1.228],[0.847,-4.227],[-6.499,-0.12],[-7.884,-1.726],[0.528,-6.303],[4.093,-1.948],[5.887,-0.459],[0.676,1.529],[-2.715,2.269],[-1.418,0.306],[-3.798,-4.093],[-1.67,1.929],[1.417,0.665],[5.106,0.037],[2.586,0.538],[3.3,2.908],[0.867,8.325],[-1.439,0.727]],"v":[[8.731,25.699],[-10.349,24.919],[-18.67,16.487],[-17.646,14.229],[-15.38,13.336],[-6.622,15.154],[3.625,18.19],[12.383,10.313],[7.646,4.391],[-11.825,3.51],[-23.476,-12.659],[-13.615,-24.227],[-0.422,-27.158],[13.479,-20.776],[15.508,-16.192],[6.12,-12.984],[2.958,-14.809],[-11.336,-14.471],[-9.997,-9.122],[-5.541,-8.555],[9.742,-7.771],[16.891,-4.68],[23.281,6.122],[13.138,23.698]],"c":true},"ix":2},"nm":"Path 1","mn":"ADBE Vector Shape - Group","hd":false},{"ty":"fl","c":{"a":0,"k":[0.995999983245,0.995999983245,0.995999983245,1],"ix":4},"o":{"a":0,"k":100,"ix":5},"r":1,"bm":0,"nm":"Fill 1","mn":"ADBE Vector Graphic - Fill","hd":false},{"ty":"tr","p":{"a":0,"k":[230.895,155.847],"ix":2},"a":{"a":0,"k":[0,0],"ix":1},"s":{"a":0,"k":[100,100],"ix":3},"r":{"a":0,"k":0,"ix":6},"o":{"a":0,"k":100,"ix":7},"sk":{"a":0,"k":0,"ix":4},"sa":{"a":0,"k":0,"ix":5},"nm":"Transform"}],"nm":"Group 12","np":2,"cix":2,"bm":0,"ix":13,"mn":"ADBE Vector Group","hd":false},{"ty":"gr","it":[{"ind":0,"ty":"sh","ix":1,"ks":{"a":0,"k":{"i":[[1.678,1.018],[-6.218,7.517],[-20.612,9.733],[-17.065,1.628],[-14.469,-5.549],[-6.325,-12.844],[0.193,-1.96],[0.748,0.845],[4.099,-0.265],[5.128,-3.757],[-0.834,-5.12],[-4.862,-1.801],[-2.719,0.029],[-4.419,-0.105],[0.961,-4.735],[5.552,6.748],[4.396,-2.022],[-1.099,-1.814],[-6.309,0.82],[-2.556,-0.942],[0.531,-1.003],[12.077,-10.443],[20.991,-6.822],[16.794,1.401],[12.424,14.202],[1.14,5.557],[-0.933,-0.417],[-8.323,5.019],[-0.571,6.206],[1.655,0.044],[0.348,-0.005],[-0.012,-6.633],[1.345,-1.08],[5.593,7.79],[-0.519,6.942],[-5.443,1.842],[-3.649,-4.191],[-1.663,0.652],[4.785,4.331],[7.071,-1.705]],"o":[[3.636,-9.155],[14.592,-17.643],[15.39,-7.267],[15.34,-1.463],[13.144,5.04],[0.809,1.642],[-1.354,0.221],[-2.89,-3.266],[-6.086,0.393],[-4.358,3.192],[0.836,5.14],[2.522,0.935],[4.42,-0.048],[4.81,0.114],[-1.437,7.078],[-3.348,-4.068],[-1.993,0.917],[2.982,4.923],[2.481,-0.323],[1.081,1.427],[-7.475,14.101],[-16.738,14.472],[-16.032,5.21],[-17.956,-1.498],[-3.566,-4.076],[1.156,-0.349],[8.759,3.917],[5.575,-3.362],[0.145,-1.571],[-0.349,-0.009],[-5.656,0.091],[0.004,1.69],[-7.086,5.69],[-4.041,-5.629],[0.402,-5.383],[5.075,-1.719],[1.347,1.547],[6.08,-2.384],[-5.828,-5.275],[-1.521,0.367]],"v":[[-95.262,-1.525],[-79.918,-26.237],[-26.658,-66.847],[21.905,-80.571],[66.717,-75.594],[96.536,-49.317],[98.07,-44.046],[95.103,-45.555],[84.359,-49.47],[67.301,-44.188],[62.207,-31.705],[70.984,-21.315],[78.843,-19.935],[92.105,-19.921],[97.759,-12.212],[77.564,-7.064],[68.988,-8.888],[67.871,-5.071],[85.812,2.824],[93.324,2.429],[92.561,5.853],[63.009,42.422],[6.389,74.241],[-42.931,80.633],[-90.012,59.746],[-98.108,45.772],[-95.193,46.62],[-69.501,45.458],[-61.196,30.527],[-63.269,28.018],[-64.314,27.98],[-70.673,33.434],[-72.615,37.761],[-93.197,35.411],[-98.201,16.184],[-90.025,4.737],[-76.715,7.916],[-72.345,8.629],[-70.925,1.426],[-90.611,-2.033]],"c":true},"ix":2},"nm":"Path 1","mn":"ADBE Vector Shape - Group","hd":false},{"ty":"fl","c":{"a":0,"k":[0.995999983245,0.438999998803,0.344999994016,1],"ix":4},"o":{"a":0,"k":100,"ix":5},"r":1,"bm":0,"nm":"Fill 1","mn":"ADBE Vector Graphic - Fill","hd":false},{"ty":"tr","p":{"a":0,"k":[146.301,179.118],"ix":2},"a":{"a":0,"k":[0,0],"ix":1},"s":{"a":0,"k":[100,100],"ix":3},"r":{"a":0,"k":0,"ix":6},"o":{"a":0,"k":100,"ix":7},"sk":{"a":0,"k":0,"ix":4},"sa":{"a":0,"k":0,"ix":5},"nm":"Transform"}],"nm":"Group 13","np":2,"cix":2,"bm":0,"ix":14,"mn":"ADBE Vector Group","hd":false},{"ty":"gr","it":[{"ind":0,"ty":"sh","ix":1,"ks":{"a":0,"k":{"i":[[-1.902,8.136],[-89.773,0],[-2.641,-11.18],[1.1,-1.035],[2.464,-2.631],[1.098,1.178],[2.056,2.364],[1.517,-1.825],[1.724,-2.182],[1.385,1.535],[2.112,2.32],[1.381,-1.538],[2.099,-2.331],[1.537,1.957],[1.668,2.22],[1.674,-1.935],[2.132,-2.303],[1.157,1.249],[2.116,2.464],[1.557,-1.765],[2.232,-2.371],[1.013,1.178],[1.829,2.392],[1.705,-1.941],[2.151,-2.287],[1.035,1.094],[2.498,2.6],[1.051,-1.228],[2.236,-2.525],[1.193,1.293],[2.303,2.463],[1.25,-1.336],[2.285,-2.478],[1.1,1.241],[2.191,2.56],[1.035,-1.08],[2.368,-2.56],[1.249,1.365],[1.989,2.412],[1.553,-1.908],[1.971,-2.29],[1.041,1.105],[2.151,2.439],[1.68,-1.955],[2.213,-2.387],[1.123,1.213],[1.982,2.417],[1.578,-1.982],[1.643,-2.1],[1.451,1.612],[2.096,2.333],[1.296,-1.424],[2.103,-2.328],[1.449,1.835],[1.781,2.142],[1.698,-1.961],[2.03,-2.237],[1.218,1.706],[0.094,0.066],[-3.243,8.742]],"o":[[89.773,0],[2.6,11.191],[0.323,1.369],[-2.626,2.47],[-1.2,1.281],[-2.141,-2.296],[-1.702,-1.956],[-1.781,2.142],[-1.45,1.835],[-2.104,-2.328],[-1.296,-1.425],[-2.096,2.333],[-1.452,1.612],[-1.72,-2.187],[-1.68,-2.235],[-2.05,2.369],[-1.124,1.212],[-2.212,-2.387],[-1.68,-1.955],[-2.151,2.439],[-1.04,1.105],[-1.972,-2.29],[-1.808,-2.363],[-2.069,2.355],[-1.051,1.116],[-2.478,-2.619],[-1.036,-1.079],[-2.191,2.56],[-1.099,1.241],[-2.284,-2.478],[-1.25,-1.336],[-2.303,2.463],[-1.192,1.293],[-2.235,-2.525],[-1.051,-1.228],[-2.416,2.518],[-1.226,1.326],[-2.119,-2.315],[-1.826,-2.214],[-1.907,2.34],[-1.014,1.178],[-2.232,-2.371],[-1.557,-1.765],[-2.116,2.464],[-1.157,1.249],[-2.133,-2.303],[-1.948,-2.374],[-1.662,2.086],[-1.533,1.961],[-2.099,-2.331],[-1.382,-1.538],[-2.111,2.321],[-1.386,1.535],[-1.723,-2.182],[-1.516,-1.825],[-1.974,2.281],[-1.283,1.413],[-0.067,-0.093],[-7.122,-5.019],[2.883,-7.772]],"v":[[-134.156,-23.031],[135.164,-23.031],[142.988,10.535],[142.113,13.947],[134.464,21.596],[131.401,21.499],[124.802,14.778],[120.439,14.947],[114.756,21.089],[111.011,21.079],[104.407,14.362],[100.836,14.282],[94.235,21.001],[90.217,21.066],[84.629,14.842],[80.141,14.825],[73.545,21.55],[70.511,21.581],[63.675,14.606],[59.373,14.708],[52.526,21.675],[49.777,21.646],[43.707,14.911],[38.958,14.979],[32.352,21.694],[29.564,21.66],[21.959,13.966],[19.222,14.051],[12.355,21.48],[9.308,21.543],[2.204,14.338],[-1.197,14.338],[-8.301,21.543],[-11.348,21.48],[-18.215,14.051],[-20.952,13.966],[-28.304,21.418],[-31.598,21.451],[-38.179,14.719],[-42.686,14.921],[-48.768,21.646],[-51.518,21.675],[-58.367,14.708],[-62.668,14.606],[-69.504,21.581],[-72.538,21.549],[-79.121,14.817],[-83.833,15.118],[-89.21,21.066],[-93.226,21.001],[-99.827,14.282],[-103.4,14.361],[-110.002,21.079],[-113.749,21.089],[-119.432,14.947],[-123.794,14.779],[-130.143,21.254],[-133.679,21.325],[-133.926,21.08],[-140.067,1.301]],"c":true},"ix":2},"nm":"Path 1","mn":"ADBE Vector Shape - Group","hd":false},{"ty":"fl","c":{"a":0,"k":[0.969000004787,0.709999952129,0.298000021542,1],"ix":4},"o":{"a":0,"k":100,"ix":5},"r":1,"bm":0,"nm":"Fill 1","mn":"ADBE Vector Graphic - Fill","hd":false},{"ty":"tr","p":{"a":0,"k":[145.482,334.608],"ix":2},"a":{"a":0,"k":[0,0],"ix":1},"s":{"a":0,"k":[100,100],"ix":3},"r":{"a":0,"k":0,"ix":6},"o":{"a":0,"k":100,"ix":7},"sk":{"a":0,"k":0,"ix":4},"sa":{"a":0,"k":0,"ix":5},"nm":"Transform"}],"nm":"Group 14","np":2,"cix":2,"bm":0,"ix":15,"mn":"ADBE Vector Group","hd":false},{"ty":"gr","it":[{"ind":0,"ty":"sh","ix":1,"ks":{"a":0,"k":{"i":[[-2.484,16.984],[0,0],[-1.717,-16.975],[0.63,-32.781],[2.156,-21.742],[2.484,-16.984],[2.047,-0.003],[22.313,0],[63.221,0.031],[2.02,1.662],[1.717,16.975],[-0.631,32.781],[-2.157,21.743]],"o":[[0,0],[2.471,16.869],[3.303,32.644],[-0.42,21.827],[-1.696,17.095],[-1.785,1.538],[-22.313,0.033],[-63.221,0],[-2.268,-0.001],[-2.471,-16.869],[-3.303,-32.644],[0.42,-21.827],[1.695,-17.096]],"v":[[-134.66,-133.465],[134.66,-133.465],[141.168,-82.743],[145.106,15.389],[141.203,80.734],[134.66,131.803],[128.649,132.917],[61.71,132.937],[-127.951,132.913],[-134.66,131.803],[-141.168,81.081],[-145.105,-17.051],[-141.202,-82.396]],"c":true},"ix":2},"nm":"Path 1","mn":"ADBE Vector Shape - Group","hd":false},{"ty":"fl","c":{"a":0,"k":[0.995999983245,0.816000007181,0.361000001197,1],"ix":4},"o":{"a":0,"k":100,"ix":5},"r":1,"bm":0,"nm":"Fill 1","mn":"ADBE Vector Graphic - Fill","hd":false},{"ty":"tr","p":{"a":0,"k":[145.986,179.774],"ix":2},"a":{"a":0,"k":[0,0],"ix":1},"s":{"a":0,"k":[100,100],"ix":3},"r":{"a":0,"k":0,"ix":6},"o":{"a":0,"k":100,"ix":7},"sk":{"a":0,"k":0,"ix":4},"sa":{"a":0,"k":0,"ix":5},"nm":"Transform"}],"nm":"Group 15","np":2,"cix":2,"bm":0,"ix":16,"mn":"ADBE Vector Group","hd":false},{"ty":"gr","it":[{"ind":0,"ty":"sh","ix":1,"ks":{"a":0,"k":{"i":[[2.011,1.681],[2.686,11.14],[-1.171,1.14],[-2.842,2.894],[0,0],[-2.236,-2.134],[-2.914,2.857],[-2.159,1.909],[0,0],[-1.88,-2.75],[-4.078,2.58],[0,0],[-2.121,-2.44],[-2.699,2.562],[-3.045,1.611],[0,0],[-3.109,-3.281],[-4.078,2.586],[0,0],[-2.141,-2.248],[-2.753,2.615],[-3.048,1.614],[0,0],[-2.299,-2.386],[-1.939,2.366],[-3.021,1.604],[0,0],[-2.344,-2.39],[-1.696,1.73],[-3.052,1.617],[0,0],[-2.085,-2.544],[-1.755,1.823],[-3.026,1.597],[0,0],[-2.427,-2.306],[-2.704,2.838],[-3.01,1.363],[0,0],[-1.842,-2.723],[-4.078,2.586],[0,0],[-2.425,-2.302],[-2.348,2.702],[-2.915,1.59],[0,0],[-3.121,-3.274],[-4.077,2.58],[0,0],[-2.054,-2.015],[-2.862,2.733],[-2.836,1.459],[0,0],[-2.905,-2.829],[0.427,-1.767],[2.596,-11.162],[1.938,-0.003],[18.479,0],[67.175,0.03]],"o":[[-2.596,-11.162],[-0.426,-1.767],[2.906,-2.829],[0,0],[2.836,1.459],[2.862,2.733],[2.054,-2.015],[0,0],[2.627,1.614],[3.238,-3.401],[0,0],[2.915,1.59],[2.348,2.702],[2.424,-2.302],[0,0],[4.068,2.574],[3.078,-3.256],[0,0],[3.01,1.363],[2.704,2.838],[2.428,-2.306],[0,0],[3.025,1.597],[1.755,1.823],[2.086,-2.544],[0,0],[3.052,1.617],[1.697,1.73],[2.344,-2.39],[0,0],[3.021,1.604],[1.94,2.366],[2.3,-2.386],[0,0],[3.049,1.614],[2.754,2.615],[2.141,-2.248],[0,0],[2.646,1.625],[3.227,-3.413],[0,0],[3.045,1.611],[2.698,2.562],[2.121,-2.44],[0,0],[4.066,2.568],[3.091,-3.246],[0,0],[2.159,1.909],[2.913,2.857],[2.236,-2.134],[0,0],[2.842,2.894],[1.171,1.14],[-2.686,11.14],[-1.66,1.485],[-18.479,0.031],[-67.176,0],[-2.268,-0.001]],"v":[[-134.66,22.189],[-142.493,-11.286],[-141.183,-15.209],[-132.636,-23.87],[-131.938,-23.87],[-124.998,-17.719],[-119.245,-17.819],[-113.089,-23.87],[-112.391,-23.87],[-102.417,-14.151],[-92.146,-23.87],[-91.449,-23.87],[-84.328,-17.328],[-79.376,-17.178],[-71.902,-23.87],[-71.204,-23.87],[-61.081,-14.296],[-50.961,-23.87],[-50.263,-23.87],[-43.623,-17.348],[-38.201,-17.168],[-30.717,-23.87],[-30.018,-23.87],[-22.62,-17.202],[-17.818,-17.163],[-10.472,-23.87],[-9.774,-23.87],[-2.303,-17.135],[2.302,-17.135],[9.773,-23.87],[10.471,-23.87],[17.817,-17.163],[22.619,-17.202],[30.018,-23.87],[30.715,-23.87],[38.198,-17.168],[43.622,-17.348],[50.262,-23.87],[50.96,-23.87],[60.934,-14.139],[71.203,-23.87],[71.901,-23.87],[79.376,-17.178],[84.327,-17.328],[91.448,-23.87],[92.147,-23.87],[102.268,-14.306],[112.391,-23.87],[113.088,-23.87],[119.246,-17.819],[124.997,-17.719],[131.937,-23.87],[132.635,-23.87],[141.182,-15.209],[142.493,-11.286],[134.66,22.189],[129.005,23.326],[73.567,23.344],[-127.959,23.32]],"c":true},"ix":2},"nm":"Path 1","mn":"ADBE Vector Shape - Group","hd":false},{"ty":"fl","c":{"a":0,"k":[0.969000004787,0.709999952129,0.298000021542,1],"ix":4},"o":{"a":0,"k":100,"ix":5},"r":1,"bm":0,"nm":"Fill 1","mn":"ADBE Vector Graphic - Fill","hd":false},{"ty":"tr","p":{"a":0,"k":[145.986,24.12],"ix":2},"a":{"a":0,"k":[0,0],"ix":1},"s":{"a":0,"k":[100,100],"ix":3},"r":{"a":0,"k":0,"ix":6},"o":{"a":0,"k":100,"ix":7},"sk":{"a":0,"k":0,"ix":4},"sa":{"a":0,"k":0,"ix":5},"nm":"Transform"}],"nm":"Group 16","np":2,"cix":2,"bm":0,"ix":17,"mn":"ADBE Vector Group","hd":false}],"ip":0,"op":46.9993717414289,"st":0,"bm":0},{"ddd":0,"ind":6,"ty":4,"nm":"Shape Layer 2","sr":1,"ks":{"o":{"a":0,"k":100,"ix":11},"r":{"a":0,"k":0,"ix":10},"p":{"a":0,"k":[17,494.5,0],"ix":2,"l":2},"a":{"a":0,"k":[-110,61,0],"ix":1,"l":2},"s":{"a":0,"k":[178.329,-166.319,100],"ix":6,"l":2}},"ao":0,"shapes":[{"ty":"gr","it":[{"ind":0,"ty":"sh","ix":1,"ks":{"a":0,"k":{"i":[[0,0],[0,0]],"o":[[0,0],[0,0]],"v":[[-110,61],[81.5,61]],"c":false},"ix":2},"nm":"Path 1","mn":"ADBE Vector Shape - Group","hd":false},{"ty":"tm","s":{"a":1,"k":[{"i":{"x":[0.667],"y":[1]},"o":{"x":[0.333],"y":[0]},"t":0,"s":[100]},{"t":11.9998395935563,"s":[0]}],"ix":1},"e":{"a":1,"k":[{"i":{"x":[0.667],"y":[1]},"o":{"x":[0.333],"y":[0]},"t":5,"s":[100]},{"t":18.9997460231308,"s":[0]}],"ix":2},"o":{"a":0,"k":0,"ix":3},"m":1,"ix":2,"nm":"Trim Paths 1","mn":"ADBE Vector Filter - Trim","hd":false},{"ty":"st","c":{"a":0,"k":[0.537254901961,0.537254901961,0.537254901961,1],"ix":3},"o":{"a":0,"k":100,"ix":4},"w":{"a":0,"k":3,"ix":5},"lc":2,"lj":1,"ml":4,"bm":0,"nm":"Stroke 1","mn":"ADBE Vector Graphic - Stroke","hd":false},{"ty":"tr","p":{"a":0,"k":[0,0],"ix":2},"a":{"a":0,"k":[0,0],"ix":1},"s":{"a":0,"k":[100,100],"ix":3},"r":{"a":0,"k":0,"ix":6},"o":{"a":0,"k":100,"ix":7},"sk":{"a":0,"k":0,"ix":4},"sa":{"a":0,"k":0,"ix":5},"nm":"Transform"}],"nm":"Shape 1","np":4,"cix":2,"bm":0,"ix":1,"mn":"ADBE Vector Group","hd":false}],"ip":0,"op":46.9993717414289,"st":0,"bm":0},{"ddd":0,"ind":7,"ty":4,"nm":"Shape Layer 1","sr":1,"ks":{"o":{"a":0,"k":100,"ix":11},"r":{"a":0,"k":0,"ix":10},"p":{"a":0,"k":[217.5,401,0],"ix":2,"l":2},"a":{"a":0,"k":[0,0,0],"ix":1,"l":2},"s":{"a":0,"k":[176.074,98.305,100],"ix":6,"l":2}},"ao":0,"shapes":[{"ty":"gr","it":[{"ind":0,"ty":"sh","ix":1,"ks":{"a":0,"k":{"i":[[0,0],[0,0]],"o":[[0,0],[0,0]],"v":[[-110,61],[81.5,61]],"c":false},"ix":2},"nm":"Path 1","mn":"ADBE Vector Shape - Group","hd":false},{"ty":"tm","s":{"a":1,"k":[{"i":{"x":[0.667],"y":[1]},"o":{"x":[0.333],"y":[0]},"t":10,"s":[100]},{"t":21.9997059215199,"s":[0]}],"ix":1},"e":{"a":1,"k":[{"i":{"x":[0.667],"y":[1]},"o":{"x":[0.333],"y":[0]},"t":15,"s":[100]},{"t":28.9996123510944,"s":[0]}],"ix":2},"o":{"a":0,"k":0,"ix":3},"m":1,"ix":2,"nm":"Trim Paths 1","mn":"ADBE Vector Filter - Trim","hd":false},{"ty":"st","c":{"a":0,"k":[0.537254901961,0.537254901961,0.537254901961,1],"ix":3},"o":{"a":0,"k":100,"ix":4},"w":{"a":0,"k":3,"ix":5},"lc":2,"lj":1,"ml":4,"bm":0,"nm":"Stroke 1","mn":"ADBE Vector Graphic - Stroke","hd":false},{"ty":"tr","p":{"a":0,"k":[0,0],"ix":2},"a":{"a":0,"k":[0,0],"ix":1},"s":{"a":0,"k":[100,100],"ix":3},"r":{"a":0,"k":0,"ix":6},"o":{"a":0,"k":100,"ix":7},"sk":{"a":0,"k":0,"ix":4},"sa":{"a":0,"k":0,"ix":5},"nm":"Transform"}],"nm":"Shape 1","np":4,"cix":2,"bm":0,"ix":1,"mn":"ADBE Vector Group","hd":false}],"ip":9.99986632796358,"op":46.9993717414289,"st":9.99986632796358,"bm":0}]},{"id":"comp_1","layers":[{"ddd":0,"ind":1,"ty":0,"nm":"Pre-comp 10","refId":"comp_2","sr":1,"ks":{"o":{"a":0,"k":100,"ix":11},"r":{"a":0,"k":0,"ix":10},"p":{"a":1,"k":[{"i":{"x":0.667,"y":1},"o":{"x":0.333,"y":0},"t":23,"s":[120.301,503,0],"to":[0,-1.167,0],"ti":[0,0,0]},{"i":{"x":0.667,"y":1},"o":{"x":0.333,"y":0},"t":29,"s":[120.301,496,0],"to":[0,0,0],"ti":[0,0,0]},{"i":{"x":0.667,"y":1},"o":{"x":0.333,"y":0},"t":37,"s":[120.301,503,0],"to":[0,0,0],"ti":[0,0,0]},{"i":{"x":0.667,"y":1},"o":{"x":0.333,"y":0},"t":45.999,"s":[120.301,496,0],"to":[0,0,0],"ti":[0,0,0]},{"i":{"x":0.667,"y":1},"o":{"x":0.167,"y":0},"t":51.999,"s":[120.301,503,0],"to":[0,0,0],"ti":[0,0,0]},{"i":{"x":0.667,"y":1},"o":{"x":0.333,"y":0},"t":60.999,"s":[120.301,496,0],"to":[0,0,0],"ti":[0,-1.167,0]},{"t":66.999104397356,"s":[120.301,503,0]}],"ix":2,"l":2},"a":{"a":0,"k":[117.5,502,0],"ix":1,"l":2},"s":{"a":0,"k":[100,100,100],"ix":6,"l":2}},"ao":0,"w":375,"h":812,"ip":0,"op":239.996791871126,"st":0,"bm":0},{"ddd":0,"ind":2,"ty":4,"nm":"Shape Layer 4","sr":1,"ks":{"o":{"a":0,"k":100,"ix":11},"r":{"a":0,"k":0,"ix":10},"p":{"a":0,"k":[275.5,406,0],"ix":2,"l":2},"a":{"a":0,"k":[0,0,0],"ix":1,"l":2},"s":{"a":0,"k":[100,100,100],"ix":6,"l":2}},"ao":0,"shapes":[{"ty":"gr","it":[{"d":1,"ty":"el","s":{"a":0,"k":[23.5,23.5],"ix":2},"p":{"a":0,"k":[0,0],"ix":3},"nm":"Ellipse Path 1","mn":"ADBE Vector Shape - Ellipse","hd":false},{"ty":"st","c":{"a":0,"k":[0.219607843137,0.204967319264,0.204967319264,1],"ix":3},"o":{"a":0,"k":100,"ix":4},"w":{"a":0,"k":6,"ix":5},"lc":1,"lj":1,"ml":4,"bm":0,"nm":"Stroke 1","mn":"ADBE Vector Graphic - Stroke","hd":false},{"ty":"tr","p":{"a":0,"k":[-57.75,129.75],"ix":2},"a":{"a":0,"k":[0,0],"ix":1},"s":{"a":0,"k":[100,100],"ix":3},"r":{"a":0,"k":0,"ix":6},"o":{"a":0,"k":100,"ix":7},"sk":{"a":0,"k":0,"ix":4},"sa":{"a":0,"k":0,"ix":5},"nm":"Transform"}],"nm":"Ellipse 1","np":3,"cix":2,"bm":0,"ix":1,"mn":"ADBE Vector Group","hd":false},{"ty":"tm","s":{"a":1,"k":[{"i":{"x":[0.04],"y":[1]},"o":{"x":[0.643],"y":[0]},"t":0,"s":[100]},{"t":22.9996925543162,"s":[0]}],"ix":1},"e":{"a":0,"k":100,"ix":2},"o":{"a":0,"k":0,"ix":3},"m":1,"ix":2,"nm":"Trim Paths 1","mn":"ADBE Vector Filter - Trim","hd":false}],"ip":0,"op":239.996791871126,"st":0,"bm":0},{"ddd":0,"ind":3,"ty":4,"nm":"Shape Layer 3","sr":1,"ks":{"o":{"a":0,"k":100,"ix":11},"r":{"a":0,"k":0,"ix":10},"p":{"a":0,"k":[187.5,406,0],"ix":2,"l":2},"a":{"a":0,"k":[0,0,0],"ix":1,"l":2},"s":{"a":0,"k":[100,100,100],"ix":6,"l":2}},"ao":0,"shapes":[{"ty":"gr","it":[{"d":1,"ty":"el","s":{"a":0,"k":[23.5,23.5],"ix":2},"p":{"a":0,"k":[0,0],"ix":3},"nm":"Ellipse Path 1","mn":"ADBE Vector Shape - Ellipse","hd":false},{"ty":"st","c":{"a":0,"k":[0.219607843137,0.204967319264,0.204967319264,1],"ix":3},"o":{"a":0,"k":100,"ix":4},"w":{"a":0,"k":6,"ix":5},"lc":1,"lj":1,"ml":4,"bm":0,"nm":"Stroke 1","mn":"ADBE Vector Graphic - Stroke","hd":false},{"ty":"tr","p":{"a":0,"k":[-57.75,129.75],"ix":2},"a":{"a":0,"k":[0,0],"ix":1},"s":{"a":0,"k":[100,100],"ix":3},"r":{"a":0,"k":0,"ix":6},"o":{"a":0,"k":100,"ix":7},"sk":{"a":0,"k":0,"ix":4},"sa":{"a":0,"k":0,"ix":5},"nm":"Transform"}],"nm":"Ellipse 1","np":3,"cix":2,"bm":0,"ix":1,"mn":"ADBE Vector Group","hd":false},{"ty":"tm","s":{"a":0,"k":0,"ix":1},"e":{"a":1,"k":[{"i":{"x":[0],"y":[1]},"o":{"x":[0.662],"y":[0]},"t":0,"s":[0]},{"t":22.9996925543162,"s":[100]}],"ix":2},"o":{"a":0,"k":0,"ix":3},"m":1,"ix":2,"nm":"Trim Paths 1","mn":"ADBE Vector Filter - Trim","hd":false}],"ip":0,"op":239.996791871126,"st":0,"bm":0}]},{"id":"comp_2","layers":[{"ddd":0,"ind":1,"ty":4,"nm":"Shape Layer 8","sr":1,"ks":{"o":{"a":0,"k":100,"ix":11},"r":{"a":0,"k":0,"ix":10},"p":{"a":0,"k":[171,468,0],"ix":2,"l":2},"a":{"a":0,"k":[-13.5,51.75,0],"ix":1,"l":2},"s":{"a":0,"k":[100,100,100],"ix":6,"l":2}},"ao":0,"shapes":[{"ty":"gr","it":[{"ind":0,"ty":"sh","ix":1,"ks":{"a":0,"k":{"i":[[0,0],[0,0]],"o":[[0,0],[0,0]],"v":[[-79.5,50.25],[52.5,53.25]],"c":false},"ix":2},"nm":"Path 1","mn":"ADBE Vector Shape - Group","hd":false},{"ty":"st","c":{"a":0,"k":[0.219607843137,0.204967319264,0.204967319264,1],"ix":3},"o":{"a":0,"k":100,"ix":4},"w":{"a":0,"k":6,"ix":5},"lc":1,"lj":1,"ml":4,"bm":0,"nm":"Stroke 1","mn":"ADBE Vector Graphic - Stroke","hd":false},{"ty":"tr","p":{"a":0,"k":[0,0],"ix":2},"a":{"a":0,"k":[0,0],"ix":1},"s":{"a":0,"k":[100,100],"ix":3},"r":{"a":0,"k":0,"ix":6},"o":{"a":0,"k":100,"ix":7},"sk":{"a":0,"k":0,"ix":4},"sa":{"a":0,"k":0,"ix":5},"nm":"Transform"}],"nm":"Shape 1","np":3,"cix":2,"bm":0,"ix":1,"mn":"ADBE Vector Group","hd":false},{"ty":"tm","s":{"a":0,"k":0,"ix":1},"e":{"a":1,"k":[{"i":{"x":[0.096],"y":[1]},"o":{"x":[0.624],"y":[0]},"t":0,"s":[0]},{"t":22.9996925543162,"s":[100]}],"ix":2},"o":{"a":0,"k":0,"ix":3},"m":1,"ix":2,"nm":"Trim Paths 1","mn":"ADBE Vector Filter - Trim","hd":false}],"ip":0,"op":239.996791871126,"st":0,"bm":0},{"ddd":0,"ind":2,"ty":4,"nm":"Shape Layer 7","sr":1,"ks":{"o":{"a":0,"k":100,"ix":11},"r":{"a":0,"k":0,"ix":10},"p":{"a":0,"k":[170.875,441.875,0],"ix":2,"l":2},"a":{"a":0,"k":[-13.625,50.875,0],"ix":1,"l":2},"s":{"a":0,"k":[100,100,100],"ix":6,"l":2}},"ao":0,"shapes":[{"ty":"gr","it":[{"ind":0,"ty":"sh","ix":1,"ks":{"a":0,"k":{"i":[[0,0],[0,0]],"o":[[0,0],[0,0]],"v":[[-87,48.25],[59.75,53.5]],"c":false},"ix":2},"nm":"Path 1","mn":"ADBE Vector Shape - Group","hd":false},{"ty":"st","c":{"a":0,"k":[0.219607843137,0.204967319264,0.204967319264,1],"ix":3},"o":{"a":0,"k":100,"ix":4},"w":{"a":0,"k":6,"ix":5},"lc":1,"lj":1,"ml":4,"bm":0,"nm":"Stroke 1","mn":"ADBE Vector Graphic - Stroke","hd":false},{"ty":"tr","p":{"a":0,"k":[0,0],"ix":2},"a":{"a":0,"k":[0,0],"ix":1},"s":{"a":0,"k":[100,100],"ix":3},"r":{"a":0,"k":0,"ix":6},"o":{"a":0,"k":100,"ix":7},"sk":{"a":0,"k":0,"ix":4},"sa":{"a":0,"k":0,"ix":5},"nm":"Transform"}],"nm":"Shape 1","np":3,"cix":2,"bm":0,"ix":1,"mn":"ADBE Vector Group","hd":false},{"ty":"tm","s":{"a":0,"k":0,"ix":1},"e":{"a":1,"k":[{"i":{"x":[0.096],"y":[1]},"o":{"x":[0.624],"y":[0]},"t":0,"s":[0]},{"t":22.9996925543162,"s":[100]}],"ix":2},"o":{"a":0,"k":0,"ix":3},"m":1,"ix":2,"nm":"Trim Paths 1","mn":"ADBE Vector Filter - Trim","hd":false}],"ip":0,"op":239.996791871126,"st":0,"bm":0},{"ddd":0,"ind":3,"ty":4,"nm":"Shape Layer 6","sr":1,"ks":{"o":{"a":0,"k":100,"ix":11},"r":{"a":0,"k":0,"ix":10},"p":{"a":0,"k":[187.5,406,0],"ix":2,"l":2},"a":{"a":0,"k":[0,0,0],"ix":1,"l":2},"s":{"a":0,"k":[100,100,100],"ix":6,"l":2}},"ao":0,"shapes":[{"ty":"gr","it":[{"ind":0,"ty":"sh","ix":1,"ks":{"a":0,"k":{"i":[[0,0],[0,0]],"o":[[0,0],[0,0]],"v":[[23,12.5],[14,87]],"c":false},"ix":2},"nm":"Path 1","mn":"ADBE Vector Shape - Group","hd":false},{"ty":"st","c":{"a":0,"k":[0.219607843137,0.204967319264,0.204967319264,1],"ix":3},"o":{"a":0,"k":100,"ix":4},"w":{"a":0,"k":6,"ix":5},"lc":1,"lj":1,"ml":4,"bm":0,"nm":"Stroke 1","mn":"ADBE Vector Graphic - Stroke","hd":false},{"ty":"tr","p":{"a":0,"k":[0,0],"ix":2},"a":{"a":0,"k":[0,0],"ix":1},"s":{"a":0,"k":[100,100],"ix":3},"r":{"a":0,"k":0,"ix":6},"o":{"a":0,"k":100,"ix":7},"sk":{"a":0,"k":0,"ix":4},"sa":{"a":0,"k":0,"ix":5},"nm":"Transform"}],"nm":"Shape 1","np":3,"cix":2,"bm":0,"ix":1,"mn":"ADBE Vector Group","hd":false},{"ty":"tm","s":{"a":0,"k":0,"ix":1},"e":{"a":1,"k":[{"i":{"x":[0.096],"y":[1]},"o":{"x":[0.624],"y":[0]},"t":0,"s":[0]},{"t":22.9996925543162,"s":[100]}],"ix":2},"o":{"a":0,"k":0,"ix":3},"m":1,"ix":2,"nm":"Trim Paths 1","mn":"ADBE Vector Filter - Trim","hd":false}],"ip":0,"op":239.996791871126,"st":0,"bm":0},{"ddd":0,"ind":4,"ty":4,"nm":"Shape Layer 5","sr":1,"ks":{"o":{"a":0,"k":100,"ix":11},"r":{"a":0,"k":0,"ix":10},"p":{"a":0,"k":[187.5,406,0],"ix":2,"l":2},"a":{"a":0,"k":[0,0,0],"ix":1,"l":2},"s":{"a":0,"k":[100,100,100],"ix":6,"l":2}},"ao":0,"shapes":[{"ty":"gr","it":[{"ind":0,"ty":"sh","ix":1,"ks":{"a":0,"k":{"i":[[0,0],[0,0]],"o":[[0,0],[0,0]],"v":[[-55.75,8.25],[-48,87.5]],"c":false},"ix":2},"nm":"Path 1","mn":"ADBE Vector Shape - Group","hd":false},{"ty":"st","c":{"a":0,"k":[0.219607843137,0.204967319264,0.204967319264,1],"ix":3},"o":{"a":0,"k":100,"ix":4},"w":{"a":0,"k":6,"ix":5},"lc":1,"lj":1,"ml":4,"bm":0,"nm":"Stroke 1","mn":"ADBE Vector Graphic - Stroke","hd":false},{"ty":"tr","p":{"a":0,"k":[0,0],"ix":2},"a":{"a":0,"k":[0,0],"ix":1},"s":{"a":0,"k":[100,100],"ix":3},"r":{"a":0,"k":0,"ix":6},"o":{"a":0,"k":100,"ix":7},"sk":{"a":0,"k":0,"ix":4},"sa":{"a":0,"k":0,"ix":5},"nm":"Transform"}],"nm":"Shape 1","np":3,"cix":2,"bm":0,"ix":1,"mn":"ADBE Vector Group","hd":false},{"ty":"tm","s":{"a":0,"k":0,"ix":1},"e":{"a":1,"k":[{"i":{"x":[0.096],"y":[1]},"o":{"x":[0.624],"y":[0]},"t":0,"s":[0]},{"t":22.9996925543162,"s":[100]}],"ix":2},"o":{"a":0,"k":0,"ix":3},"m":1,"ix":2,"nm":"Trim Paths 1","mn":"ADBE Vector Filter - Trim","hd":false}],"ip":0,"op":239.996791871126,"st":0,"bm":0},{"ddd":0,"ind":5,"ty":4,"nm":"Shape Layer 2","sr":1,"ks":{"o":{"a":0,"k":100,"ix":11},"r":{"a":0,"k":0,"ix":10},"p":{"a":0,"k":[187.5,406,0],"ix":2,"l":2},"a":{"a":0,"k":[0,0,0],"ix":1,"l":2},"s":{"a":0,"k":[100,115.686,100],"ix":6,"l":2}},"ao":0,"shapes":[{"ty":"gr","it":[{"ind":0,"ty":"sh","ix":1,"ks":{"a":0,"k":{"i":[[0,0],[0,0],[0,0],[0,0]],"o":[[0,0],[0,0],[0,0],[0,0]],"v":[[-96.5,4.5],[61.5,13.5],[43,76.5],[-77.5,75.203]],"c":false},"ix":2},"nm":"Path 1","mn":"ADBE Vector Shape - Group","hd":false},{"ty":"st","c":{"a":0,"k":[0.219607843137,0.204967319264,0.204967319264,1],"ix":3},"o":{"a":0,"k":100,"ix":4},"w":{"a":0,"k":6,"ix":5},"lc":1,"lj":1,"ml":4,"bm":0,"nm":"Stroke 1","mn":"ADBE Vector Graphic - Stroke","hd":false},{"ty":"tr","p":{"a":0,"k":[0,0],"ix":2},"a":{"a":0,"k":[0,0],"ix":1},"s":{"a":0,"k":[100,100],"ix":3},"r":{"a":0,"k":0,"ix":6},"o":{"a":0,"k":100,"ix":7},"sk":{"a":0,"k":0,"ix":4},"sa":{"a":0,"k":0,"ix":5},"nm":"Transform"}],"nm":"Shape 1","np":3,"cix":2,"bm":0,"ix":1,"mn":"ADBE Vector Group","hd":false},{"ty":"tm","s":{"a":1,"k":[{"i":{"x":[0],"y":[1]},"o":{"x":[0.624],"y":[0]},"t":0,"s":[100]},{"t":22.9996925543162,"s":[0]}],"ix":1},"e":{"a":0,"k":100,"ix":2},"o":{"a":0,"k":0,"ix":3},"m":1,"ix":2,"nm":"Trim Paths 1","mn":"ADBE Vector Filter - Trim","hd":false}],"ip":0,"op":239.996791871126,"st":0,"bm":0},{"ddd":0,"ind":6,"ty":4,"nm":"Shape Layer 1","sr":1,"ks":{"o":{"a":0,"k":100,"ix":11},"r":{"a":0,"k":0,"ix":10},"p":{"a":0,"k":[187.5,406,0],"ix":2,"l":2},"a":{"a":0,"k":[0,0,0],"ix":1,"l":2},"s":{"a":0,"k":[100,100,100],"ix":6,"l":2}},"ao":0,"shapes":[{"ty":"gr","it":[{"ind":0,"ty":"sh","ix":1,"ks":{"a":0,"k":{"i":[[0,0],[0,0],[0,0],[0,0],[0,0]],"o":[[0,0],[0,0],[0,0],[0,0],[0,0]],"v":[[-123.5,-24.5],[-101.5,-14.5],[-76.5,90],[-68.5,102.5],[44,102]],"c":false},"ix":2},"nm":"Path 1","mn":"ADBE Vector Shape - Group","hd":false},{"ty":"st","c":{"a":0,"k":[0.219607843137,0.204967319264,0.204967319264,1],"ix":3},"o":{"a":0,"k":100,"ix":4},"w":{"a":0,"k":6,"ix":5},"lc":2,"lj":1,"ml":4,"bm":0,"nm":"Stroke 1","mn":"ADBE Vector Graphic - Stroke","hd":false},{"ty":"tr","p":{"a":0,"k":[0,0],"ix":2},"a":{"a":0,"k":[0,0],"ix":1},"s":{"a":0,"k":[100,100],"ix":3},"r":{"a":0,"k":0,"ix":6},"o":{"a":0,"k":100,"ix":7},"sk":{"a":0,"k":0,"ix":4},"sa":{"a":0,"k":0,"ix":5},"nm":"Transform"}],"nm":"Shape 1","np":3,"cix":2,"bm":0,"ix":1,"mn":"ADBE Vector Group","hd":false},{"ty":"tm","s":{"a":0,"k":0,"ix":1},"e":{"a":1,"k":[{"i":{"x":[0.002],"y":[1]},"o":{"x":[0.586],"y":[0]},"t":0,"s":[0]},{"t":22.9996925543162,"s":[100]}],"ix":2},"o":{"a":0,"k":0,"ix":3},"m":1,"ix":2,"nm":"Trim Paths 1","mn":"ADBE Vector Filter - Trim","hd":false}],"ip":0,"op":239.996791871126,"st":0,"bm":0}]}],"layers":[{"ddd":0,"ind":1,"ty":0,"nm":"Comp 5","refId":"comp_0","sr":1,"ks":{"o":{"a":0,"k":100,"ix":11},"r":{"a":0,"k":0,"ix":10},"p":{"a":0,"k":[187.5,406,0],"ix":2,"l":2},"a":{"a":0,"k":[187.5,406,0],"ix":1,"l":2},"s":{"a":0,"k":[100,100,100],"ix":6,"l":2}},"ao":0,"tm":{"a":1,"k":[{"i":{"x":[0.833],"y":[0.833]},"o":{"x":[0.167],"y":[0.167]},"t":0,"s":[0]},{"t":45.9993851086325,"s":[1.533]}],"ix":2,"x":"var $bm_rt;\n$bm_rt = loopOut();"},"w":375,"h":812,"ip":0,"op":77.998957358116,"st":0,"bm":0}],"markers":[]}